nombre,categoria,cat_label,icono,descripcion,direccion,telefono,whatsapp,horario,facebook,web,lat,lng,modalidad,origen,denue_clee,giro_inegi,personal,alta_inegi
Abarrotes Acuario,abarrotes,🛒 Abarrotes,🛒,"Tienda de abarrotes en la colonia Tlatelolco, Martínez de la Torre.","Cuitlahuac 124, Col. Tlatelolco, 93603 Martínez de la Torre, Ver.",2323734873,,,,,20.0727453,-97.0532498,local,denue-2026-05,30102461110005621000000000U5,"Comercio al por menor en tiendas de abarrotes, ultramarinos y misceláneas",0 a 5 personas,2010-07
Abarrotes Anita,abarrotes,🛒 Abarrotes,🛒,"Tienda de abarrotes en la colonia Santa Emilia, Martínez de la Torre.","Camino General de Martínez de la Torre s/n, Col. Santa Emilia, 93604 Martínez de la Torre, Ver.",2299309002,,,,,20.08833714,-97.03788064,local,denue-2026-05,30102461110014851000000000U7,"Comercio al por menor en tiendas de abarrotes, ultramarinos y misceláneas",0 a 5 personas,2024-11
Abarrotes Citlali,abarrotes,🛒 Abarrotes,🛒,"Tienda de abarrotes en la colonia Rodríguez Cano, Martínez de la Torre.","Miguel Hidalgo y Costilla 145, Col. Rodríguez Cano, 93608 Martínez de la Torre, Ver.",2321978937,,,,,20.0722786,-97.06930005,local,denue-2026-05,30102461110001821010000000U5,"Comercio al por menor en tiendas de abarrotes, ultramarinos y misceláneas",0 a 5 personas,2010-07
Abarrotes Denisse,abarrotes,🛒 Abarrotes,🛒,"Tienda de abarrotes en la colonia Unión, Martínez de la Torre.","Av. 2 de Abril 1002, Col. Unión, 93607 Martínez de la Torre, Ver.",2323298537,,,,,20.06461823,-97.06107321,local,denue-2026-05,30102461110007631000000000U2,"Comercio al por menor en tiendas de abarrotes, ultramarinos y misceláneas",0 a 5 personas,2014-12
Abarrotes Emmy,abarrotes,🛒 Abarrotes,🛒,"Tienda de abarrotes en la colonia Vista Hermosa, Martínez de la Torre.","Benito Juárez Garcia s/n (entre Cipres y Circuito David de la Torre), Col. Vista Hermosa, 93608 Martínez de la Torre, Ver.",2251036216,,,,,20.07406177,-97.0709853,local,denue-2026-05,30102461110008361000000000U5,"Comercio al por menor en tiendas de abarrotes, ultramarinos y misceláneas",0 a 5 personas,2014-12
Abarrotes Katy,abarrotes,🛒 Abarrotes,🛒,"Tienda de abarrotes en la colonia Herberto Castillo, Martínez de la Torre.","Liberacion s/n (entre Blvd. Santo Tomás y Uno Sur), Col. Herberto Castillo, 93608 Martínez de la Torre, Ver.",2321983790,,,,,20.0732042,-97.07222556,local,denue-2026-05,30102461110008151000000000U0,"Comercio al por menor en tiendas de abarrotes, ultramarinos y misceláneas",0 a 5 personas,2014-12
Abarrotes Rosita,abarrotes,🛒 Abarrotes,🛒,"Tienda de abarrotes en la colonia Palo Blanco, Martínez de la Torre.","Oyamel s/n (entre Roble y Nogal), Col. Palo Blanco, 93605 Martínez de la Torre, Ver.",2321561786,,,,,20.08094847,-97.02745936,local,denue-2026-05,30102461110003621000000000U7,"Comercio al por menor en tiendas de abarrotes, ultramarinos y misceláneas",0 a 5 personas,2010-07
Abarrotes Susy,abarrotes,🛒 Abarrotes,🛒,"Tienda de abarrotes en la colonia Cuauhtémoc, Martínez de la Torre.","Blvd. Alfinio Flores Beltran 1001, Col. Cuauhtémoc, 93608 Martínez de la Torre, Ver.",2321108080,,,,,20.07162104,-97.06370947,local,denue-2026-05,30102461110000411000000000U6,"Comercio al por menor en tiendas de abarrotes, ultramarinos y misceláneas",0 a 5 personas,2010-07
Abarrotes Toby y Luca,abarrotes,🛒 Abarrotes,🛒,"Tienda de abarrotes en la colonia Melchor Ocampo, Martínez de la Torre.","Blvd. Alfinio Flores Beltran 1004A, Col. Melchor Ocampo, 93603 Martínez de la Torre, Ver.",2321473228,,,,,20.06795561,-97.06126547,local,denue-2026-05,30102461110011861000000000U9,"Comercio al por menor en tiendas de abarrotes, ultramarinos y misceláneas",0 a 5 personas,2019-11
Abarrotes Vinos y Licores la Catrina,abarrotes,🛒 Abarrotes,🛒,"Tienda de abarrotes en la colonia Patria, Martínez de la Torre.","Guadalupe Victoria s/n (entre Av. Ignacio de la Llave y Enrique Rebsamen), Col. Patria, 93600 Martínez de la Torre, Ver.",2321137023,,,,,20.06199503,-97.05955162,local,denue-2026-05,30102462112000701000000000U5,"Comercio al por menor en tiendas de abarrotes, ultramarinos y misceláneas",0 a 5 personas,2024-11
Abarrotes el Chicharito,abarrotes,🛒 Abarrotes,🛒,"Tienda de abarrotes en la colonia Saltillo, Martínez de la Torre.","Tamaulipas s/n (entre Durango y Cedro), Col. Saltillo, 93605 Martínez de la Torre, Ver.",2321120577,,,,,20.08194513,-97.02887107,local,denue-2026-05,30102461110002711000000000U7,"Comercio al por menor en tiendas de abarrotes, ultramarinos y misceláneas",0 a 5 personas,2010-07
Abarrotes la Única,abarrotes,🛒 Abarrotes,🛒,"Tienda de abarrotes en la colonia Río Chico, Martínez de la Torre.","Blvd. Patricio Chirinos Calero s/n (entre Revolución y Independencia), Col. Río Chico, 93608 Martínez de la Torre, Ver.",2321143435,,,,,20.07874073,-97.07985937,local,denue-2026-05,30102461110014261000000000U9,"Comercio al por menor en tiendas de abarrotes, ultramarinos y misceláneas",0 a 5 personas,2024-11
Bodega Auxiliar de Grupo Dulcelandia,abarrotes,🛒 Abarrotes,🛒,Venta de abarrotes al mayoreo en el centro de Martínez de la Torre.,"Av. Melchor Ocampo 200, Edificio Pañeda local 2, Centro, 93600 Martínez de la Torre, Ver.",2323248719,,,,,20.06202932,-97.05664895,local,denue-2026-05,30102431180000011000000000U4,Comercio al por mayor de dulces y materias primas para repostería,0 a 5 personas,2019-11
Bodega de Carga y Descarga,abarrotes,🛒 Abarrotes,🛒,"Venta de frutas y verduras en la colonia Saltillo, Martínez de la Torre.","Jobo s/n (entre Nuevo Leon y Cedro), Col. Saltillo, 93605 Martínez de la Torre, Ver.",2321985893,,,,,20.08006752,-97.02956529,local,denue-2026-05,30102461130001871000000000U8,Comercio al por menor de frutas y verduras frescas,0 a 5 personas,2026-04
Carnes la Mexicana,abarrotes,🛒 Abarrotes,🛒,Carnicería en el centro de Martínez de la Torre.,"Av. Ignacio de la Llave 205A, Centro, 93600 Martínez de la Torre, Ver.",2321189113,,,,,20.06469,-97.05545485,local,denue-2026-05,30102461121001543000000000U2,Comercio al por menor de carnes rojas,11 a 30 personas,2019-11
Carnicería Aire Libre,abarrotes,🛒 Abarrotes,🛒,Carnicería en el centro de Martínez de la Torre.,"Ignacio Allende 506, Centro, 93600 Martínez de la Torre, Ver.",2323243269,,,,,20.0632405,-97.05710512,local,denue-2026-05,30102461121000982000000000U3,Comercio al por menor de carnes rojas,0 a 5 personas,2010-07
Carnicería Carne de David,abarrotes,🛒 Abarrotes,🛒,Carnicería en el centro de Martínez de la Torre.,"Miguel Hidalgo y Costilla 1, Rosendo Topete Ibañez local 265, Centro, 93600 Martínez de la Torre, Ver.",2321045885,,,,,20.06258027,-97.05574526,local,denue-2026-05,30102461121000111000000000U9,Comercio al por menor de carnes rojas,0 a 5 personas,2010-07
Carnicería Castro,abarrotes,🛒 Abarrotes,🛒,Carnicería en el centro de Martínez de la Torre.,"Miguel Hidalgo y Costilla 1, Rosendo Topete Ibañez local 137, Centro, 93600 Martínez de la Torre, Ver.",2321230148,,,,,20.06258027,-97.05574526,local,denue-2026-05,30102461121001341000000000U1,Comercio al por menor de carnes rojas,0 a 5 personas,2010-07
Carnicería Chuy,abarrotes,🛒 Abarrotes,🛒,"Carnicería en la colonia Colosio, Martínez de la Torre.","Blvd. Patricio Chirinos Calero 340, Col. Colosio, 93608 Martínez de la Torre, Ver.",2321481561,,,,,20.07340575,-97.07629462,local,denue-2026-05,30102461121000811000000000U4,Comercio al por menor de carnes rojas,0 a 5 personas,2010-07
Carnicería Hermanos Caro,abarrotes,🛒 Abarrotes,🛒,"Carnicería en la colonia Vista Hermosa, Martínez de la Torre.","Blvd. Magistral s/n (entre Avenida Diana Laura y José María Morelos y Pavon), Col. Vista Hermosa, 93608 Martínez de la Torre, Ver.",2214430144,,,,,20.07843078,-97.06901981,local,denue-2026-05,30102461121001171000000000U2,Comercio al por menor de carnes rojas,0 a 5 personas,2014-12
Carnicería Jeros,abarrotes,🛒 Abarrotes,🛒,Carnicería en el centro de Martínez de la Torre.,"Miguel Hidalgo y Costilla 1, Rosendo Topete Ibañez local 112 113 138 139, Centro, 93600 Martínez de la Torre, Ver.",2321156888,,,,,20.06258027,-97.05574526,local,denue-2026-05,30102461121001111000000000U8,Comercio al por menor de carnes rojas,0 a 5 personas,2010-07
Carnicería Larissa,abarrotes,🛒 Abarrotes,🛒,"Carnicería en la colonia Los Reyes, Martínez de la Torre.","Calle a las Cañadas Martínez 228, Col. Los Reyes, 93603 Martínez de la Torre, Ver.",2321499515,,,,,20.07419443,-97.06506845,local,denue-2026-05,30102461121001351000000000U0,Comercio al por menor de carnes rojas,0 a 5 personas,2014-12
Carnicería Libertad,abarrotes,🛒 Abarrotes,🛒,"Carnicería en la colonia Libertad, Martínez de la Torre.","Av. Central s/n (entre Las Aguilas y Buena Vista), Col. Libertad, 93603 Martínez de la Torre, Ver.",7298518484,,,,,20.07770272,-97.06118203,local,denue-2026-05,30102461121002251000000000U1,Comercio al por menor de carnes rojas,0 a 5 personas,2024-11
Carnicería Luis,abarrotes,🛒 Abarrotes,🛒,Carnicería en el centro de Martínez de la Torre.,"Miguel Hidalgo y Costilla 1, Rosendo Topete Ibañez local 116, Centro, 93600 Martínez de la Torre, Ver.",2323730461,,,,,20.06258027,-97.05574526,local,denue-2026-05,30102461121000891000000000U6,Comercio al por menor de carnes rojas,0 a 5 personas,2010-07
Carnicería Ramos,abarrotes,🛒 Abarrotes,🛒,"Carnicería en la colonia Unión, Martínez de la Torre.","Av. 5 de Febrero 500, Col. Unión, 93607 Martínez de la Torre, Ver.",2321259465,,,,,20.06304518,-97.06041033,local,denue-2026-05,30102461121001851000000000U9,Comercio al por menor de carnes rojas,0 a 5 personas,2019-11
Carnicería el Amigo,abarrotes,🛒 Abarrotes,🛒,"Carnicería en la colonia Ejidal, Martínez de la Torre.","Adolfo López Mateos 48B, Col. Ejidal, 93606 Martínez de la Torre, Ver.",2323262505,,,,,20.0709892,-97.04394246,local,denue-2026-05,30102461121002171000000000U1,Comercio al por menor de carnes rojas,0 a 5 personas,2024-11
Carnicería el Relicario,abarrotes,🛒 Abarrotes,🛒,Carnicería en el centro de Martínez de la Torre.,"Miguel Hidalgo y Costilla 1, Rosendo Topete Ibañez local 135 136, Centro, 93600 Martínez de la Torre, Ver.",2323734717,,,,,20.06258027,-97.05574526,local,denue-2026-05,30102461121001271000000000U0,Comercio al por menor de carnes rojas,0 a 5 personas,2010-07
Carnicería la Fortuna,abarrotes,🛒 Abarrotes,🛒,"Carnicería en la colonia José López Portillo, Martínez de la Torre.","Blvd. Alfinio Flores Beltran 505, Col. José López Portillo, 93600 Martínez de la Torre, Ver.",2321558747,,,,,20.06853758,-97.06177699,local,denue-2026-05,30102461121001671000000000U1,Comercio al por menor de carnes rojas,0 a 5 personas,2019-11
Carnicería la Guadalupana,abarrotes,🛒 Abarrotes,🛒,Carnicería en el centro de Martínez de la Torre.,"Miguel Hidalgo y Costilla 1, Rosendo Topete Ibañez local 111, Centro, 93600 Martínez de la Torre, Ver.",2323241342,,,,,20.06258027,-97.05574526,local,denue-2026-05,30102461121000241000000000U4,Comercio al por menor de carnes rojas,0 a 5 personas,2010-07
Carnicería la Guadalupe,abarrotes,🛒 Abarrotes,🛒,"Carnicería en la colonia Guadalupe Victoria, Martínez de la Torre.","Niños Héroes s/n, Col. Guadalupe Victoria, 93604 Martínez de la Torre, Ver.",2321561304,,,,,20.0704775,-97.05101608,local,denue-2026-05,30102461121000381000000000U8,Comercio al por menor de carnes rojas,0 a 5 personas,2010-07
Carnicería la Principal,abarrotes,🛒 Abarrotes,🛒,Carnicería en el centro de Martínez de la Torre.,"Miguel Hidalgo y Costilla 1, Rosendo Topete Ibañez local 154, Centro, 93600 Martínez de la Torre, Ver.",2323242839,,,,,20.06258027,-97.05574526,local,denue-2026-05,30102461121000721000000000U5,Comercio al por menor de carnes rojas,0 a 5 personas,2010-07
Carnicería la Vaca Sagrada,abarrotes,🛒 Abarrotes,🛒,Carnicería en el centro de Martínez de la Torre.,"Miguel Hidalgo y Costilla 1, Rosendo Topete Ibañez local 141 142, Centro, 93600 Martínez de la Torre, Ver.",2323241970,,,,,20.06258027,-97.05574526,local,denue-2026-05,30102461121000841000000000U1,Comercio al por menor de carnes rojas,0 a 5 personas,2010-07
Carnicería la Zamoreña,abarrotes,🛒 Abarrotes,🛒,"Carnicería en la colonia Constitución, Martínez de la Torre.","Hermenegildo Galeana 407, Col. Constitución, 93600 Martínez de la Torre, Ver.",2321247677,,,,,20.0610359,-97.06014067,local,denue-2026-05,30102461121000131000000000U7,Comercio al por menor de carnes rojas,0 a 5 personas,2014-12
Club de Nutrición,abarrotes,🛒 Abarrotes,🛒,"Venta de alimentos en la colonia Las Palmas, Martínez de la Torre.","Miguel Hidalgo y Costilla s/n (entre Cristo Rey y Benito Juárez Garcia), Col. Las Palmas, 93608 Martínez de la Torre, Ver.",2321047378,,,,,20.07213082,-97.06967235,local,denue-2026-05,30102464111000791010000000U6,Comercio al por menor de otros alimentos,0 a 5 personas,2019-11
Dulcería Grupo Dulcelandia,abarrotes,🛒 Abarrotes,🛒,Dulcería y venta de materias primas para repostería en el centro de Martínez de la Torre.,"Ignacio Allende 401, Centro, 93600 Martínez de la Torre, Ver.",2323248719,,,,,20.06215076,-97.05656189,local,denue-2026-05,30102461160000152001000000U1,Comercio al por menor de dulces y materias primas para repostería,0 a 5 personas,2010-07
Empacadora Paso Real,abarrotes,🛒 Abarrotes,🛒,"Venta de frutas y verduras en la colonia Saltillo, Martínez de la Torre.","Adolfo López Mateos s/n, Col. Saltillo, 93605 Martínez de la Torre, Ver.",2321221581,,,,,20.07901127,-97.03221595,local,denue-2026-05,30102461130001064000000000U0,Comercio al por menor de frutas y verduras frescas,31 a 50 personas,2026-04
Maca Venta de Productos Americanos,abarrotes,🛒 Abarrotes,🛒,Dulcería y venta de materias primas para repostería en el centro de Martínez de la Torre.,"Av. Pedro Belli 311A, Centro, 93600 Martínez de la Torre, Ver.",2321973648,,,,,20.05987573,-97.05674558,local,denue-2026-05,30102461160000501000000000U9,Comercio al por menor de dulces y materias primas para repostería,0 a 5 personas,2024-11
Minitienda Gh,abarrotes,🛒 Abarrotes,🛒,"Tienda de abarrotes en la colonia Vista Hermosa, Martínez de la Torre.","Prol. Benito Juárez Garcia 502, Col. Vista Hermosa, 93608 Martínez de la Torre, Ver.",8123374486,,,,,20.07658994,-97.0728017,local,denue-2026-05,30102461110009591000000000U6,"Comercio al por menor en tiendas de abarrotes, ultramarinos y misceláneas",0 a 5 personas,2014-12
Pastelería Chocolatte,abarrotes,🛒 Abarrotes,🛒,"Venta de alimentos en la colonia Adolfo Ruíz Cortines, Martínez de la Torre.","Blvd. Alfinio Flores Beltran s/n (entre Emiliano Zapata y Ricardo Flores Magón), Col. Adolfo Ruíz Cortines, 93607 Martínez de la Torre, Ver.",2321258861,,,,,20.06901664,-97.06207045,local,denue-2026-05,30102722519000411010000000U3,Comercio al por menor de otros alimentos,0 a 5 personas,2014-12
Pastelería Chocolatte,abarrotes,🛒 Abarrotes,🛒,"Venta de alimentos en la colonia Ejidal, Martínez de la Torre.","Adolfo López Mateos s/n (entre 6 de Enero y Benito Juárez Garcia), Col. Ejidal, 93606 Martínez de la Torre, Ver.",2323244331,,,,,20.06608426,-97.04889564,local,denue-2026-05,30102461190000291000000000U4,Comercio al por menor de otros alimentos,0 a 5 personas,2019-11
Pescadería Michel,abarrotes,🛒 Abarrotes,🛒,"Pescadería en la colonia Los Reyes, Martínez de la Torre.","Av. Perote s/n (entre Zacapoaxtla y Calle a las Cañadas Martínez), Col. Los Reyes, 93603 Martínez de la Torre, Ver.",2321373102,,,,,20.07433309,-97.06513558,local,denue-2026-05,30102461123000211000000000U3,Comercio al por menor de pescados y mariscos,0 a 5 personas,2024-11
Pescadería el Delfin,abarrotes,🛒 Abarrotes,🛒,Pescadería en el centro de Martínez de la Torre.,"Miguel Hidalgo y Costilla 1, Rosendo Topete Ibañez local 94 127, Centro, 93600 Martínez de la Torre, Ver.",2323735394,,,,,20.06258027,-97.05574526,local,denue-2026-05,30102461123000041000000000U4,Comercio al por menor de pescados y mariscos,0 a 5 personas,2010-07
Pescadería la Piragua,abarrotes,🛒 Abarrotes,🛒,Pescadería en el centro de Martínez de la Torre.,"Miguel Hidalgo y Costilla 1, Rosendo Topete Ibañez local 125, Centro, 93600 Martínez de la Torre, Ver.",2323241622,,,,,20.06258027,-97.05574526,local,denue-2026-05,30102461123000011000000000U7,Comercio al por menor de pescados y mariscos,0 a 5 personas,2010-07
Pollería Doña Trini,abarrotes,🛒 Abarrotes,🛒,"Pollería en la colonia Luis Donaldo Colosio, Martínez de la Torre.","Adolfo López Mateos s/n, Col. Luis Donaldo Colosio, 93608 Martínez de la Torre, Ver.",2321781406,,,,,20.07306526,-97.07642549,local,denue-2026-05,30102461122001791000000000U5,Comercio al por menor de carne de aves,0 a 5 personas,2024-11
Queseria Natru,abarrotes,🛒 Abarrotes,🛒,Venta de lácteos y embutidos en el centro de Martínez de la Torre.,"Mariano Abasolo s/n (entre Av. General Ignacio Zaragoza y Av. Ignacio de la Llave), Centro, 93600 Martínez de la Torre, Ver.",2321760640,,,,,20.06253501,-97.05772597,local,denue-2026-05,30102461150000161000000000U3,"Comercio al por menor de leche, otros productos lácteos y embutidos",0 a 5 personas,2024-11
Rastro Particular Martínez de la Torre,abarrotes,🛒 Abarrotes,🛒,"Venta de abarrotes al mayoreo en la colonia 16 de Mayo, Martínez de la Torre.","Carr. Libramiento Misantla San Rafael s/n (entre Arroyo y Emiliano Zapata (canal de Riego)), Col. 16 de Mayo, 93605 Martínez de la Torre, Ver.",2321104023,,,,,20.07149044,-97.0287798,local,denue-2026-05,30102431121000023002000000U3,Comercio al por mayor de carnes rojas,6 a 10 personas,2010-07
Rem Produce (oficinas),abarrotes,🛒 Abarrotes,🛒,"Venta de frutas y verduras en la colonia Chapultepec, Martínez de la Torre.","Minatitlán 1, Col. Chapultepec, 93603 Martínez de la Torre, Ver.",2321431553,,,,,20.07688086,-97.05882793,local,denue-2026-05,30102461130001851000062238S0,Comercio al por menor de frutas y verduras frescas,0 a 5 personas,2025-04
Super Carnicería Amaranto,abarrotes,🛒 Abarrotes,🛒,"Carnicería en la colonia Vista Hermosa, Martínez de la Torre.","Blvd. Magistral 1004, Col. Vista Hermosa, 93608 Martínez de la Torre, Ver.",2872262155,,,,,20.07668575,-97.07202995,local,denue-2026-05,30102461121000261000000000U2,Comercio al por menor de carnes rojas,0 a 5 personas,2010-07
Super Siete,abarrotes,🛒 Abarrotes,🛒,"Minisúper en la colonia Adolfo Ruíz Cortines, Martínez de la Torre.","Blvd. Alfinio Flores Beltran 807, Col. Adolfo Ruíz Cortines, 93607 Martínez de la Torre, Ver.",2323733894,,,,,20.07000792,-97.06267587,local,denue-2026-05,30102461110006963010000000U0,Comercio al por menor en minisupers,11 a 30 personas,2010-07
Tienda Coskito Martínez,abarrotes,🛒 Abarrotes,🛒,"Tienda de abarrotes en la colonia Yucatan, Martínez de la Torre.","Av. Manuel Ávila Camacho s/n (entre Manuel Zorrilla Rivera y Av. Pedro Belli), Col. Yucatan, 93607 Martínez de la Torre, Ver.",5653916332,,,,,20.05924607,-97.0599154,local,denue-2026-05,30102462112000611000000000U6,"Comercio al por menor en tiendas de abarrotes, ultramarinos y misceláneas",0 a 5 personas,2024-11
Tienda de Abarrotes Big Brother,abarrotes,🛒 Abarrotes,🛒,"Tienda de abarrotes en la colonia Heberto Castillo, Martínez de la Torre.","Veracruz s/n (entre 6 de Febrero y Liberacion), Col. Heberto Castillo, 93608 Martínez de la Torre, Ver.",2321921252,,,,,20.07414491,-97.0722668,local,denue-2026-05,30102461110005261000000000U0,"Comercio al por menor en tiendas de abarrotes, ultramarinos y misceláneas",0 a 5 personas,2010-07
Tienda de Abarrotes Jhovaniy,abarrotes,🛒 Abarrotes,🛒,"Tienda de abarrotes en la colonia Saltillo, Martínez de la Torre.","San Luis Potosi 113, Col. Saltillo, 93605 Martínez de la Torre, Ver.",2321551546,,,,,20.08039005,-97.03061984,local,denue-2026-05,30102461110005321000000000U2,"Comercio al por menor en tiendas de abarrotes, ultramarinos y misceláneas",0 a 5 personas,2010-07
Tienda de Abarrotes Katy,abarrotes,🛒 Abarrotes,🛒,"Tienda de abarrotes en la colonia Costa Esmeralda, Martínez de la Torre.","Poeta Jesús Díaz s/n (entre Av. Juan Damacedo y Blvd. Patricio Chirinos Calero), Col. Costa Esmeralda, 93608 Martínez de la Torre, Ver.",2321470050,,,,,20.07816379,-97.07971751,local,denue-2026-05,30102461110010391000000000U8,"Comercio al por menor en tiendas de abarrotes, ultramarinos y misceláneas",0 a 5 personas,2019-11
Tienda de Abarrotes Levy,abarrotes,🛒 Abarrotes,🛒,Tienda de abarrotes en el centro de Martínez de la Torre.,"Miguel Hidalgo y Costilla 1, Rosendo Topete Ibañez local 91, Centro, 93600 Martínez de la Torre, Ver.",2323735678,,,,,20.06258027,-97.05574526,local,denue-2026-05,30102461110003961000000000U7,"Comercio al por menor en tiendas de abarrotes, ultramarinos y misceláneas",0 a 5 personas,2010-07
Tienda de Abarrotes Linda Vista,abarrotes,🛒 Abarrotes,🛒,"Tienda de abarrotes en la colonia Linda Vista, Martínez de la Torre.","Licenciado Rafael Martínez de la Torre 203, Col. Linda Vista, 93604 Martínez de la Torre, Ver.",7771089185,,,,,20.07243599,-97.04850828,local,denue-2026-05,30102461110005861000000000U7,"Comercio al por menor en tiendas de abarrotes, ultramarinos y misceláneas",0 a 5 personas,2010-07
Tienda de Abarrotes Llave,abarrotes,🛒 Abarrotes,🛒,Tienda de abarrotes en el centro de Martínez de la Torre.,"Av. Ignacio de la Llave 209, Centro, 93600 Martínez de la Torre, Ver.",2321715958,,,,,20.06483738,-97.05518199,local,denue-2026-05,30102461110000291000000000U2,"Comercio al por menor en tiendas de abarrotes, ultramarinos y misceláneas",0 a 5 personas,2010-07
Tienda de Abarrotes Lucy,abarrotes,🛒 Abarrotes,🛒,"Tienda de abarrotes en la colonia Rodríguez Cano, Martínez de la Torre.","Niños Héroes s/n (entre Pirul y Miguel Hidalgo y Costilla), Col. Rodríguez Cano, 93608 Martínez de la Torre, Ver.",2321337125,,,,,20.07433886,-97.06806599,local,denue-2026-05,30102461110000771000000000U3,"Comercio al por menor en tiendas de abarrotes, ultramarinos y misceláneas",0 a 5 personas,2024-11
Tienda de Abarrotes Luis,abarrotes,🛒 Abarrotes,🛒,"Tienda de abarrotes en la colonia Paraíso, Martínez de la Torre.","Cozumel s/n (entre Av. Puerto Cortes y Av. Puerto Vallarta), Col. Paraíso, 93603 Martínez de la Torre, Ver.",2321343562,,,,,20.07143922,-97.05940036,local,denue-2026-05,30102461110012741000000000U2,"Comercio al por menor en tiendas de abarrotes, ultramarinos y misceláneas",0 a 5 personas,2019-11
Tienda de Abarrotes Magy,abarrotes,🛒 Abarrotes,🛒,"Tienda de abarrotes en la colonia Primero de Mayo, Martínez de la Torre.","Esteban Baco s/n (entre Santiago de la Hoz y Soto y Gama), Col. Primero de Mayo, 93605 Martínez de la Torre, Ver.",2321135906,,,,,20.07594258,-97.03517235,local,denue-2026-05,30102461110008931000000000U5,"Comercio al por menor en tiendas de abarrotes, ultramarinos y misceláneas",0 a 5 personas,2014-12
Tienda de Abarrotes Mary,abarrotes,🛒 Abarrotes,🛒,"Tienda de abarrotes en la colonia Indalesio Escamilla, Martínez de la Torre.","Miguel Alemán s/n, Col. Indalesio Escamilla, 93604 Martínez de la Torre, Ver.",2321986934,,,,,20.08263437,-97.03827491,local,denue-2026-05,30102461110009801000000000U9,"Comercio al por menor en tiendas de abarrotes, ultramarinos y misceláneas",0 a 5 personas,2014-12
Tienda de Abarrotes Miriam,abarrotes,🛒 Abarrotes,🛒,"Tienda de abarrotes en la colonia Paraíso, Martínez de la Torre.","Puerto México 502, Col. Paraíso, 93603 Martínez de la Torre, Ver.",2321437240,,,,,20.0715412,-97.05833159,local,denue-2026-05,30102461110002481000000000U7,"Comercio al por menor en tiendas de abarrotes, ultramarinos y misceláneas",0 a 5 personas,2010-07
Tienda de Abarrotes Moctezuma,abarrotes,🛒 Abarrotes,🛒,"Tienda de abarrotes en la colonia Cuauhtémoc, Martínez de la Torre.","Moctezuma s/n (entre Tlaloc y Andrés Vázquez), Col. Cuauhtémoc, 93608 Martínez de la Torre, Ver.",2323268587,,,,,20.07120111,-97.06426204,local,denue-2026-05,30102461110015471000000000U3,"Comercio al por menor en tiendas de abarrotes, ultramarinos y misceláneas",0 a 5 personas,2024-11
Tienda de Abarrotes Nazario,abarrotes,🛒 Abarrotes,🛒,"Tienda de abarrotes en la colonia Vista Hermosa, Martínez de la Torre.","Cipres s/n (entre Benito Juárez Garcia y Francisco Villa), Col. Vista Hermosa, 93608 Martínez de la Torre, Ver.",2323236059,,,,,20.07260304,-97.07035386,local,denue-2026-05,30102461110011021000000000U0,"Comercio al por menor en tiendas de abarrotes, ultramarinos y misceláneas",0 a 5 personas,2019-11
Tienda de Abarrotes Oferton,abarrotes,🛒 Abarrotes,🛒,"Tienda de abarrotes en la colonia Ampliación Lindavista, Martínez de la Torre.","Solidaridad 406, Col. Ampliación Lindavista, 93604 Martínez de la Torre, Ver.",2321135212,,,,,20.07582083,-97.04657597,local,denue-2026-05,30102461122000911010000000U0,"Comercio al por menor en tiendas de abarrotes, ultramarinos y misceláneas",0 a 5 personas,2014-12
Tienda de Abarrotes Ortíz,abarrotes,🛒 Abarrotes,🛒,"Tienda de abarrotes en la colonia Alfredo V Bonfil, Martínez de la Torre.","México s/n (entre Emiliano Zapata y Luis Donaldo Colosio), Col. Alfredo V Bonfil, 93608 Martínez de la Torre, Ver.",2251043294,,,,,20.07597554,-97.06691923,local,denue-2026-05,30102461110010251000000000U4,"Comercio al por menor en tiendas de abarrotes, ultramarinos y misceláneas",0 a 5 personas,2019-11
Tienda de Abarrotes Oziel,abarrotes,🛒 Abarrotes,🛒,"Tienda de abarrotes en la colonia Vista Hermosa, Martínez de la Torre.","Veracruz s/n (entre Niños Héroes y Ingeniero Jesús de la Torre Sánchez), Col. Vista Hermosa, 93608 Martínez de la Torre, Ver.",2321567605,,,,,20.07899491,-97.07142575,local,denue-2026-05,30102461110012871000000000U7,"Comercio al por menor en tiendas de abarrotes, ultramarinos y misceláneas",0 a 5 personas,2019-11
Tienda de Abarrotes Papantla,abarrotes,🛒 Abarrotes,🛒,"Tienda de abarrotes en la colonia Guadalupe Victoria, Martínez de la Torre.","Sor Juana Inés de la Cruz s/n (entre Niño Artillero y Niños Héroes), Col. Guadalupe Victoria, 93603 Martínez de la Torre, Ver.",2323223133,,,,,20.07095984,-97.0509342,local,denue-2026-05,30102461110005871000000000U6,"Comercio al por menor en tiendas de abarrotes, ultramarinos y misceláneas",0 a 5 personas,2010-07
Tienda de Abarrotes Reyes,abarrotes,🛒 Abarrotes,🛒,"Tienda de abarrotes en la colonia Luis Donaldo Colosio, Martínez de la Torre.","Benito Juárez Garcia 316, Col. Luis Donaldo Colosio, 93608 Martínez de la Torre, Ver.",2323794549,,,,,20.07187105,-97.07765903,local,denue-2026-05,30102461110010011000000000U2,"Comercio al por menor en tiendas de abarrotes, ultramarinos y misceláneas",0 a 5 personas,2014-12
Tienda de Abarrotes Roxivan,abarrotes,🛒 Abarrotes,🛒,"Tienda de abarrotes en la colonia Congreso de la Unión, Martínez de la Torre.","Senadores de la República 108, Col. Congreso de la Unión, 93603 Martínez de la Torre, Ver.",2321362848,,,,,20.0815461,-97.06442174,local,denue-2026-05,30102461110015341000000000U8,"Comercio al por menor en tiendas de abarrotes, ultramarinos y misceláneas",0 a 5 personas,2024-11
Tienda de Abarrotes Yuliana,abarrotes,🛒 Abarrotes,🛒,"Tienda de abarrotes en la colonia Melchor Ocampo, Martínez de la Torre.","José de Emparan 107, Col. Melchor Ocampo, 93603 Martínez de la Torre, Ver.",2321404955,,,,,20.06740512,-97.05942668,local,denue-2026-05,30102461110011841000000000U1,"Comercio al por menor en tiendas de abarrotes, ultramarinos y misceláneas",0 a 5 personas,2019-11
Tienda de Abarrotes Zuri,abarrotes,🛒 Abarrotes,🛒,"Tienda de abarrotes en la colonia Visita Hermosa, Martínez de la Torre.","José María Morelos y Pavon s/n (entre Veracruz y Blvd. Magistral), Col. Visita Hermosa, 93608 Martínez de la Torre, Ver.",2321457213,,,,,20.07929234,-97.0701483,local,denue-2026-05,30102461110011591000000000U2,"Comercio al por menor en tiendas de abarrotes, ultramarinos y misceláneas",0 a 5 personas,2019-11
Tienda de Abarrotes de Luna,abarrotes,🛒 Abarrotes,🛒,"Tienda de abarrotes en la colonia Colosio, Martínez de la Torre.","Blvd. Patricio Chirinos Calero 414, Col. Colosio, 93608 Martínez de la Torre, Ver.",2322207803,,,,,20.07446335,-97.07696365,local,denue-2026-05,30102461110006451000000000U6,"Comercio al por menor en tiendas de abarrotes, ultramarinos y misceláneas",0 a 5 personas,2010-07
Tienda de Abarrotes el Sol Sale para Todos,abarrotes,🛒 Abarrotes,🛒,"Tienda de abarrotes en la colonia Cuauhtémoc, Martínez de la Torre.","20 de Noviembre Chimalpopoca 201, Col. Cuauhtémoc, 93608 Martínez de la Torre, Ver.",2321143611,,,,,20.07047789,-97.06710479,local,denue-2026-05,30102461110004731000000000U3,"Comercio al por menor en tiendas de abarrotes, ultramarinos y misceláneas",0 a 5 personas,2010-07
Tienda de Abarrotes el Taliban,abarrotes,🛒 Abarrotes,🛒,Tienda de abarrotes en el centro de Martínez de la Torre.,"Av. 5 de Febrero s/n (entre Mariano Abasolo y Ignacio Allende), Centro, 93600 Martínez de la Torre, Ver.",2321186859,,,,,20.06429887,-97.05791747,local,denue-2026-05,30102461110003651000000000U4,"Comercio al por menor en tiendas de abarrotes, ultramarinos y misceláneas",0 a 5 personas,2010-07
Tienda de Abarrotes la Abuelita,abarrotes,🛒 Abarrotes,🛒,"Tienda de abarrotes en la colonia Del Valle, Martínez de la Torre.","Lealtad 200, Col. Del Valle, 93603 Martínez de la Torre, Ver.",2321339432,,,,,20.08010311,-97.05967475,local,denue-2026-05,30102461110003241000000000U4,"Comercio al por menor en tiendas de abarrotes, ultramarinos y misceláneas",0 a 5 personas,2014-12
Tienda de Abarrotes la Flor Dos,abarrotes,🛒 Abarrotes,🛒,"Tienda de abarrotes en la colonia Unión, Martínez de la Torre.","Hermenegildo Galeana s/n (entre Centenario del 5 de Mayo y Av. 5 de Febrero), Col. Unión, 93607 Martínez de la Torre, Ver.",6241518456,,,,,20.06326125,-97.06135658,local,denue-2026-05,30102461110002341100000000U3,"Comercio al por menor en tiendas de abarrotes, ultramarinos y misceláneas",0 a 5 personas,2010-07
Tienda de Abarrotes la Tiendi Ta,abarrotes,🛒 Abarrotes,🛒,"Tienda de abarrotes en la colonia Costa Esmeralda, Martínez de la Torre.","Poeta Jesús Díaz s/n (entre Av. Fidel Herrera Beltran y Av. Juan Damacedo), Col. Costa Esmeralda, 93608 Martínez de la Torre, Ver.",2321780559,,,,,20.07704959,-97.0814854,local,denue-2026-05,30102461110010341000000000U3,"Comercio al por menor en tiendas de abarrotes, ultramarinos y misceláneas",0 a 5 personas,2019-11
Tienda de Abarrotes las Esmeraldas,abarrotes,🛒 Abarrotes,🛒,"Tienda de abarrotes en la colonia Costa Esmeralda, Martínez de la Torre.","Av. Fidel Herrera Beltran s/n (entre 15 de Septiembre y Poeta Jesús Díaz), Col. Costa Esmeralda, 96308 Martínez de la Torre, Ver.",2321385127,,,,,20.07676187,-97.08176387,local,denue-2026-05,30102461110014421000000000U9,"Comercio al por menor en tiendas de abarrotes, ultramarinos y misceláneas",0 a 5 personas,2024-11
Tienda de Abarrotes los Reyes,abarrotes,🛒 Abarrotes,🛒,"Tienda de abarrotes en la colonia Costa Esmeralda, Martínez de la Torre.","Av. Juan Damacedo s/n (entre 15 de Septiembre y 18 de Junio), Col. Costa Esmeralda, 93608 Martínez de la Torre, Ver.",2322204340,,,,,20.07711563,-97.08040935,local,denue-2026-05,30102461110013501000000000U9,"Comercio al por menor en tiendas de abarrotes, ultramarinos y misceláneas",0 a 5 personas,2024-11
Tienda de Abarrotes y Verduras Martínez,abarrotes,🛒 Abarrotes,🛒,"Tienda de abarrotes en la colonia Ejidal, Martínez de la Torre.","Lucio Blanco s/n (entre Adolfo López Mateos y Antonio Soto y Gama), Col. Ejidal, 93606 Martínez de la Torre, Ver.",2321382159,,,,,20.07168846,-97.04275326,local,denue-2026-05,30102461110010111000000000U0,"Comercio al por menor en tiendas de abarrotes, ultramarinos y misceláneas",0 a 5 personas,2019-11
Tienda de Plásticos y Materias Primas Lulu,abarrotes,🛒 Abarrotes,🛒,Dulcería y venta de materias primas para repostería en el centro de Martínez de la Torre.,"Av. Ignacio de la Llave s/n (entre Ignacio Allende y Miguel Hidalgo y Costilla), Centro, 93600 Martínez de la Torre, Ver.",2323247911,,,,,20.06383069,-97.05686973,local,denue-2026-05,30102461160000181000000000U0,Comercio al por menor de dulces y materias primas para repostería,0 a 5 personas,2010-07
Venta de Dulces a Granel Dulce Sueño,abarrotes,🛒 Abarrotes,🛒,"Dulcería y venta de materias primas para repostería en la colonia Adolfo Ruíz Cortines, Martínez de la Torre.","Blvd. Alfinio Flores Beltran 903, Col. Adolfo Ruíz Cortines, 93607 Martínez de la Torre, Ver.",2321293002,,,,,20.0711755,-97.06342033,local,denue-2026-05,30102461160000491000000000U3,Comercio al por menor de dulces y materias primas para repostería,0 a 5 personas,2024-11
Venta de Frutas y Verduras la Esperanza,abarrotes,🛒 Abarrotes,🛒,"Venta de frutas y verduras en la colonia Guadalupe Victoria, Martínez de la Torre.","Niños Héroes 200, Col. Guadalupe Victoria, 93604 Martínez de la Torre, Ver.",2321476562,,,,,20.07023261,-97.05100328,local,denue-2026-05,30102461130000601000000000U0,Comercio al por menor de frutas y verduras frescas,0 a 5 personas,2014-12
Venta de Quesos,abarrotes,🛒 Abarrotes,🛒,"Venta de lácteos y embutidos en la colonia Guadalupe Victoria, Martínez de la Torre.","Niños Héroes s/n (entre Sor Juana Inés de la Cruz y Justo Sierra), Col. Guadalupe Victoria, 93603 Martínez de la Torre, Ver.",2321725005,,,,,20.07077522,-97.05095195,local,denue-2026-05,30102461150000091000000000U2,"Comercio al por menor de leche, otros productos lácteos y embutidos",0 a 5 personas,2019-11
Agrigan Sucursal Martínez de la Torre,agro,🌿 Agro,🌿,"Venta de fertilizantes, plaguicidas y semillas en la colonia Chapultepec, Martínez de la Torre.","Carr. Costera del Golfo (libramiento Martínez de la Torre a Tlapacoyan) 1L1, Col. Chapultepec, 93603 Martínez de la Torre, Ver.",2323175809,,,,https://www.agrigan.com,20.07677522,-97.05588862,local,denue-2026-05,30102434111000201001011880S3,"Comercio al por mayor de fertilizantes, plaguicidas y semillas para siembra",11 a 30 personas,2010-07
Agro Insumos Oro Verde,agro,🌿 Agro,🌿,"Venta de fertilizantes, plaguicidas y semillas en la colonia Rodríguez Cano, Martínez de la Torre.","Carr. Libramiento Martínez de la Torre Tlapacoyan s/n (entre 16 de Septiembre y Blvd. Alfinio Flores Beltran), Col. Rodríguez Cano, 93608 Martínez de la Torre, Ver.",2321566883,,,,,20.07279764,-97.06536552,local,denue-2026-05,30102434111000911000000000U7,"Comercio al por mayor de fertilizantes, plaguicidas y semillas para siembra",0 a 5 personas,2024-11
Agrofever Martínez de la Torre,agro,🌿 Agro,🌿,"Venta de fertilizantes, plaguicidas y semillas en la colonia Saltillo, Martínez de la Torre.","Carr. Federal Martínez-san Rafael s/n (entre Roble y Cedro), Col. Saltillo, 93600 Martínez de la Torre, Ver.",2825559615,,,,,20.08290892,-97.02877322,local,denue-2026-05,30102434111001001000061311S6,"Comercio al por mayor de fertilizantes, plaguicidas y semillas para siembra",0 a 5 personas,2026-04
Agroquímicos Arca Sa Dec Cv,agro,🌿 Agro,🌿,"Venta de fertilizantes, plaguicidas y semillas en la colonia San Manuel, Martínez de la Torre.","Blvd. Carlos Salinas de Gortari Rafael Martínez de la Torre s/n, Col. San Manuel, 93600 Martínez de la Torre, Ver.",2321248500,,,,,20.07904411,-97.03458141,local,denue-2026-05,30102434111000681000000000U6,"Comercio al por mayor de fertilizantes, plaguicidas y semillas para siembra",0 a 5 personas,2019-11
Agroquímicos el Norteño,agro,🌿 Agro,🌿,"Venta de fertilizantes, plaguicidas y semillas en el centro de Martínez de la Torre.","Av. Melchor Ocampo 308A, Centro, 93600 Martínez de la Torre, Ver.",2321207180,,,,,20.0634548,-97.05379002,local,denue-2026-05,30102434111000261000000000U7,"Comercio al por mayor de fertilizantes, plaguicidas y semillas para siembra",0 a 5 personas,2010-07
Agrosan Martínez de la Torre,agro,🌿 Agro,🌿,"Venta de fertilizantes, plaguicidas y semillas en el centro de Martínez de la Torre.","Miguel Hidalgo y Costilla 512, Centro, 93600 Martínez de la Torre, Ver.",2323293938,,,,https://www.agrosan.com.mx,20.06379474,-97.05635731,local,denue-2026-05,30102434111000171000012305S8,"Comercio al por mayor de fertilizantes, plaguicidas y semillas para siembra",0 a 5 personas,2010-07
Compra Venta de Fertilizantes y Agroquímicos Ferco Atlantica Martínez de la Torre,agro,🌿 Agro,🌿,"Venta de fertilizantes, plaguicidas y semillas en la colonia Chapultepec, Martínez de la Torre.","Carr. Libramiento Martínez de la Torre Tlapacoyan s/n (entre Minatitlán y 12 de Septiembre), Col. Chapultepec, 93600 Martínez de la Torre, Ver.",2323176203,,,,https://www.fcatlantica.com,20.07539545,-97.05950262,local,denue-2026-05,30102434111000741000054486S8,"Comercio al por mayor de fertilizantes, plaguicidas y semillas para siembra",0 a 5 personas,2019-11
Distribuidora de Insumos Agrícolas,agro,🌿 Agro,🌿,"Venta de fertilizantes, plaguicidas y semillas en la colonia Palo Blanco, Martínez de la Torre.","Carr. Federal Martínez-san Rafael s/n (entre Caoba y Araucarias), Col. Palo Blanco, 93600 Martínez de la Torre, Ver.",2323236970,,,,,20.08365432,-97.02774069,local,denue-2026-05,30102434111000382002012526S1,"Comercio al por mayor de fertilizantes, plaguicidas y semillas para siembra",6 a 10 personas,2010-07
Farmacia Veterinaria el Bramadero,agro,🌿 Agro,🌿,Venta de medicamentos veterinarios y alimento para animales en el centro de Martínez de la Torre.,"Av. Melchor Ocampo s/n (entre Francisco Javier Mina y Ignacio López Rayón), Centro, 93600 Martínez de la Torre, Ver.",2481024685,,,,,20.0646435,-97.05176083,local,denue-2026-05,30102434112000271000012355S4,"Comercio al por mayor de medicamentos veterinarios y alimentos para animales, excepto mascotas",0 a 5 personas,2019-11
Fertilizantes Surtiagro de México,agro,🌿 Agro,🌿,"Venta de fertilizantes, plaguicidas y semillas en la colonia Moctezuma, Martínez de la Torre.","Carr. Libramiento Martínez de la Torre Tlapacoyan s/n (entre Av. Lázaro Cárdenas del Río y Av. Corregidora), Col. Moctezuma, 93603 Martínez de la Torre, Ver.",2321095690,,,,,20.07719679,-97.05398987,local,denue-2026-05,30102434111000981000012526S0,"Comercio al por mayor de fertilizantes, plaguicidas y semillas para siembra",0 a 5 personas,2025-04
Pronamex Martínez de la Torre,agro,🌿 Agro,🌿,"Venta de fertilizantes, plaguicidas y semillas en la colonia Plaza Verde, Martínez de la Torre.","Carr. Libramiento Martínez de la Torre a Tlapacoyan 1, Col. Plaza Verde, 93600 Martínez de la Torre, Ver.",7225023463,,,,https://www.pronamex.mx,20.0767438,-97.05554102,local,denue-2026-05,30102434111000451000007312S4,"Comercio al por mayor de fertilizantes, plaguicidas y semillas para siembra",0 a 5 personas,2014-12
Servicio Agrotecnico Martínez,agro,🌿 Agro,🌿,"Venta de fertilizantes, plaguicidas y semillas en el centro de Martínez de la Torre.","Vicente Guerrero 208C, Centro, 93600 Martínez de la Torre, Ver.",2323730706,,,,https://www.servicioagrotecnico.com,20.0623273,-97.0533744,local,denue-2026-05,30102434111000191002012304S6,"Comercio al por mayor de fertilizantes, plaguicidas y semillas para siembra",0 a 5 personas,2010-07
Servicio Agrotecnico Martínez Plaza Verde,agro,🌿 Agro,🌿,"Venta de fertilizantes, plaguicidas y semillas en la colonia Jardines de Plaza Verde - Niños Héroes, Martínez de la Torre.","Carr. Libramiento Martínez de la Torre-tlapacoyan s/n (entre Cosamaloapan y Las Palmas), Col. Jardines de Plaza Verde - Niños Héroes, 93600 Martínez de la Torre, Ver.",2323246379,,,,https://www.servicioagrotecnico.com,20.07528879,-97.0594825,local,denue-2026-05,30102434111000511001012304S5,"Comercio al por mayor de fertilizantes, plaguicidas y semillas para siembra",6 a 10 personas,2014-12
Sistemas de Riego Gsa Irrigacion,agro,🌿 Agro,🌿,"Venta de maquinaria agrícola en la colonia Moctezuma, Martínez de la Torre.","Carr. Libramiento Martínez de la Torre Tlapacoyan s/n (entre 16 de Septiembre y Priv. Chapultepec), Col. Moctezuma, 93603 Martínez de la Torre, Ver.",2321985881,,,,,20.07691947,-97.0554435,local,denue-2026-05,30102237112000021010000000U2,"Comercio al por mayor de maquinaria y equipo agropecuario, forestal y para la pesca",0 a 5 personas,2020-11
Banda de Compra y Venta de Naranja,agroindustria,🍊 Agroindustria,🍊,"Compra y venta de frutas al mayoreo en la colonia San Manuel, Martínez de la Torre.","Blvd. Carlos Salinas de Gortari Rafael Martínez de la Torre s/n (entre Esteban Baco y Sinaloa), Bascula San Manuel de Naranja local SN, Col. San Manuel, 93604 Martínez de la Torre, Ver.",2321546840,,,,,20.0794785,-97.03355253,local,denue-2026-05,30102431130000572001000000U0,Comercio al por mayor de frutas y verduras frescas,0 a 5 personas,2019-11
Bodega Comercializadora,agroindustria,🍊 Agroindustria,🍊,"Compra y venta de frutas al mayoreo en la colonia San Manuel, Martínez de la Torre.","22 de Noviembre s/n (entre Privada Ferrer y Blvd. Carlos Salinas de Gortari (rafael Martínez de la Torre)), Col. San Manuel, 93604 Martínez de la Torre, Ver.",2323220262,,,,,20.07823709,-97.0372935,local,denue-2026-05,30102431130000631000000000U4,Comercio al por mayor de frutas y verduras frescas,0 a 5 personas,2024-11
Centro de Acopio de Naranja y Limón,agroindustria,🍊 Agroindustria,🍊,"Compra y venta de frutas al mayoreo en la colonia San Manuel, Martínez de la Torre.","Carr. Libramiento Martínez de la Torre Tlapacoyan s/n, Col. San Manuel, 93600 Martínez de la Torre, Ver.",2321146202,,,,,20.0801153,-97.03582275,local,denue-2026-05,30102431130000561000000000U3,Comercio al por mayor de frutas y verduras frescas,0 a 5 personas,2019-11
Citricos Sa de Cv,agroindustria,🍊 Agroindustria,🍊,"Compra y venta de frutas al mayoreo en la colonia San Manuel, Martínez de la Torre.","20 de Noviembre s/n (entre 2 de Marzo y 5 de Mayo), Col. San Manuel, 93604 Martínez de la Torre, Ver.",2323246017,,,,,20.07856011,-97.03641096,local,denue-2026-05,30102431130000463001000000U2,Comercio al por mayor de frutas y verduras frescas,11 a 30 personas,2019-11
Compra y Venta de Limón Comercializadora López Rivera,agroindustria,🍊 Agroindustria,🍊,"Compra y venta de frutas al mayoreo en la colonia San Manuel, Martínez de la Torre.","Carr. Libramiento Martínez de la Torre Tlapacoyan s/n (entre Cipres y Carr. Federal Martínez San Rafael), Bascula San Manuel local SN, Col. San Manuel, 93604 Martínez de la Torre, Ver.",2323244654,,,,,20.08026905,-97.03434828,local,denue-2026-05,30102461130000321001000000U5,Comercio al por mayor de frutas y verduras frescas,6 a 10 personas,2010-07
Compra y Venta de Limón Limon-nex el Vakero,agroindustria,🍊 Agroindustria,🍊,"Compra y venta de frutas al mayoreo en la colonia San Manuel, Martínez de la Torre.","Carr. Libramiento Martínez de la Torre Tlapacoyan s/n, Bascula San Manuel local SN, Col. San Manuel, 93604 Martínez de la Torre, Ver.",2321188878,,,,,20.08026905,-97.03434828,local,denue-2026-05,30102431130000131000000000U5,Comercio al por mayor de frutas y verduras frescas,0 a 5 personas,2010-07
Corporativo Ciprijal,agroindustria,🍊 Agroindustria,🍊,"Compra y venta de frutas al mayoreo en la colonia Los Olivos, Martínez de la Torre.","Solidaridad s/n (entre 5 de Mayo y Diego Arrazola), Col. Los Olivos, 93600 Martínez de la Torre, Ver.",3331106303,,,,,20.07733879,-97.04658391,local,denue-2026-05,30102431130000161001024079S2,Comercio al por mayor de frutas y verduras frescas,11 a 30 personas,2014-12
Empacadora Cvv Sa de Cv,agroindustria,🍊 Agroindustria,🍊,"Compra y venta de frutas al mayoreo en la colonia San Manuel, Martínez de la Torre.","Col. San Manuel, 93604 Martínez de la Torre, Ver.",2322271249,,,,,20.08475406,-97.03180326,local,denue-2026-05,30102431130000661000000000U1,Comercio al por mayor de frutas y verduras frescas,0 a 5 personas,2024-11
Enceradora Hermanos Suárez,agroindustria,🍊 Agroindustria,🍊,"Empaque y beneficio de productos agrícolas en la colonia Saltillo, Martínez de la Torre.","Adolfo López Mateos s/n, Col. Saltillo, 93605 Martínez de la Torre, Ver.",2324394561,,,,,20.07954217,-97.03145379,local,denue-2026-05,30102811192000321002000000U2,Beneficio de productos agrícolas,0 a 5 personas,2010-07
Enceradora Leal,agroindustria,🍊 Agroindustria,🍊,"Empaque y beneficio de productos agrícolas en la colonia Saltillo, Martínez de la Torre.","Tamaulipas s/n (entre Sinaloa y Coahuila), Col. Saltillo, 93605 Martínez de la Torre, Ver.",2323244006,,,,,20.08045834,-97.03123399,local,denue-2026-05,30102115113000031000000000U6,Beneficio de productos agrícolas,0 a 5 personas,2010-07
Enceradora Norte de Veracruz,agroindustria,🍊 Agroindustria,🍊,"Empaque y beneficio de productos agrícolas en la colonia San Manuel, Martínez de la Torre.","20 de Noviembre s/n (entre Carr. Libramiento Martínez de la Torre-tlapacoyan y 5 de Mayo), Col. San Manuel, 93604 Martínez de la Torre, Ver.",2323245051,,,,,20.07965197,-97.03723118,local,denue-2026-05,30102561910000041002000000U3,Beneficio de productos agrícolas,11 a 30 personas,2010-07
Enceradora de Citricos Richars,agroindustria,🍊 Agroindustria,🍊,"Empaque y beneficio de productos agrícolas en la colonia Saltillo, Martínez de la Torre.","Adolfo López Mateos s/n (entre Adolfo López Mateos y Jobo), Col. Saltillo, 93605 Martínez de la Torre, Ver.",2321108523,,,,,20.07980209,-97.03105177,local,denue-2026-05,30102561990000011001000000U8,Beneficio de productos agrícolas,0 a 5 personas,2010-07
Enceradora de Citricos la Estrella,agroindustria,🍊 Agroindustria,🍊,"Empaque y beneficio de productos agrícolas en la colonia San Manuel, Martínez de la Torre.","Blvd. Carlos Salinas de Gortari (rafael Martínez de la Torre) 189, Col. San Manuel, 93600 Martínez de la Torre, Ver.",2323243659,,,,,20.07885002,-97.03485266,local,denue-2026-05,30102488493000041002000000U0,Beneficio de productos agrícolas,11 a 30 personas,2010-07
Enceradora de Citricos las Vegas,agroindustria,🍊 Agroindustria,🍊,"Empaque y beneficio de productos agrícolas en la colonia Las Vegas, Martínez de la Torre.","Carr. Libramiento Martínez de la Torre Tlapacoyan s/n (entre 2 de Marzo y Luis Saavedra), Col. Las Vegas, 93604 Martínez de la Torre, Ver.",2323245010,,,,,20.08022323,-97.03638522,local,denue-2026-05,30102115113000122001000000U3,Beneficio de productos agrícolas,11 a 30 personas,2010-07
Exports Colio Limes,agroindustria,🍊 Agroindustria,🍊,"Empaque y beneficio de productos agrícolas en la colonia San Manuel, Martínez de la Torre.","22 de Noviembre s/n (entre Privada 21 de Marzo y 5 de Mayo), Col. San Manuel, 93604 Martínez de la Torre, Ver.",2321133851,,,,,20.07814607,-97.03702808,local,denue-2026-05,30102115113000021002000000U7,Beneficio de productos agrícolas,0 a 5 personas,2010-07
Frescar,agroindustria,🍊 Agroindustria,🍊,"Compra y venta de frutas al mayoreo en la colonia San Manuel, Martínez de la Torre.","Carr. Libramiento Martínez de la Torre-tlapacoyan 1, Col. San Manuel, 93604 Martínez de la Torre, Ver.",2323244559,,,,,20.080104,-97.03675439,local,denue-2026-05,30102431130000702000061942S3,Comercio al por mayor de frutas y verduras frescas,6 a 10 personas,2025-04
Grupo Citricola Leiva,agroindustria,🍊 Agroindustria,🍊,"Servicios agrícolas en la colonia Saltillo, Martínez de la Torre.","Tamaulipas 604, Col. Saltillo, 93605 Martínez de la Torre, Ver.",2321260134,,,,,20.08077626,-97.03075968,local,denue-2026-05,30102115119000023000000000U0,Otros servicios relacionados con la agricultura,11 a 30 personas,2024-11
Rem Produce,agroindustria,🍊 Agroindustria,🍊,"Compra y venta de frutas al mayoreo en la colonia Chapultepec, Martínez de la Torre.","Carr. Libramiento Martínez de la Torre Tlapacoyan s/n (entre Cosamaloapan y Minatitlan), Bascula Plaza Verde local 30, Col. Chapultepec, 93603 Martínez de la Torre, Ver.",2321431553,,,,https://remproduce.com,20.07611985,-97.05796576,local,denue-2026-05,30102431130000691000062238M8,Comercio al por mayor de frutas y verduras frescas,0 a 5 personas,2026-04
Caja Yanga,bancos,🏦 Bancos,🏦,Servicios financieros en el centro de Martínez de la Torre.,"Av. Pedro Belli 110B, Centro, 93600 Martínez de la Torre, Ver.",2717110967,,,,,20.06064743,-97.05542291,local,denue-2026-05,30102522320000142000000000U9,Cajas de ahorro popular,6 a 10 personas,2024-11
Casa de Empeño Montepio Plus,bancos,🏦 Bancos,🏦,"Casa de empeño o préstamos en la colonia Guadalupe Victoria, Martínez de la Torre.","Blvd. Carlos Salinas de Gortari Rafael Martínez de la Torre s/n (entre Av. 5 de Febrero y Nogales), Col. Guadalupe Victoria, 93603 Martínez de la Torre, Ver.",2323734952,,,,,20.07227905,-97.04393537,local,denue-2026-05,30102522452000121000000000U4,Casas de empeño,0 a 5 personas,2014-12
Casa de Empeño Montepio Plus,bancos,🏦 Bancos,🏦,"Casa de empeño o préstamos en la colonia Rodríguez Cano, Martínez de la Torre.","Blvd. Alfinio Flores Beltran s/n (entre Carr. Libramiento Martínez de la Torre a Tlapacoyan y 16 de Septiembre), Col. Rodríguez Cano, 93608 Martínez de la Torre, Ver.",2326903720,,,,,20.07277311,-97.06439498,local,denue-2026-05,30102522452000171000000000U9,Casas de empeño,0 a 5 personas,2019-11
Dymvo Servicios Financieros,bancos,🏦 Bancos,🏦,Casa de empeño o préstamos en el centro de Martínez de la Torre.,"José María Morelos y Pavon 512F, Centro, 93600 Martínez de la Torre, Ver.",2322165377,,,,,20.06441711,-97.05568262,local,denue-2026-05,30102522490000131000000000U3,Otras instituciones de intermediación crediticia y financiera no bursátil,0 a 5 personas,2024-11
Financiera Sumate,bancos,🏦 Bancos,🏦,Servicios financieros en el centro de Martínez de la Torre.,"Av. General Ignacio Zaragoza 110, Centro, 93600 Martínez de la Torre, Ver.",2223188486,,,,https://www.financierasumate.com.mx,20.06335842,-97.05585123,local,denue-2026-05,30102522320000023001025727S1,Cajas de ahorro popular,6 a 10 personas,2010-07
Provident,bancos,🏦 Bancos,🏦,Casa de empeño o préstamos en el centro de Martínez de la Torre.,"Av. Pedro Belli 4, Centro, 93600 Martínez de la Torre, Ver.",2228123933,,,,https://www.provident.com.mx,20.06162795,-97.05354159,local,denue-2026-05,30102522310000011000023313S7,Otras instituciones de intermediación crediticia y financiera no bursátil,0 a 5 personas,2019-11
Siempre Creciendo Martínez de la Torre 184,bancos,🏦 Bancos,🏦,Casa de empeño o préstamos en el centro de Martínez de la Torre.,"Av. Pedro Belli 202, Centro, 93600 Martínez de la Torre, Ver.",2461298256,,,,https://www.siemprecreciendo.com,20.06151664,-97.05362713,local,denue-2026-05,30102522460000181000042122S1,Sociedades financieras de objeto múltiple,6 a 10 personas,2020-11
Aplicación de Gelish,belleza,💇 Belleza,💇,"Estética y salón de belleza en la colonia Patria, Martínez de la Torre.","Av. Ignacio de la Llave 404, Col. Patria, 93600 Martínez de la Torre, Ver.",2323222229,,,,,20.0625879,-97.05915085,local,denue-2026-05,30102812110003841000000000U7,Salones y clínicas de belleza y peluquerías,0 a 5 personas,2020-11
Aplicación de Uñas Acrilicas Nelly Nails,belleza,💇 Belleza,💇,Estética y salón de belleza en el centro de Martínez de la Torre.,"Av. Maximino Ávila Camacho 300, Centro, 93600 Martínez de la Torre, Ver.",2323211397,,,,,20.06259756,-97.05346991,local,denue-2026-05,30102812110002741000000000U0,Salones y clínicas de belleza y peluquerías,0 a 5 personas,2019-11
Aplicación y Decoración de Uñas Studio Nails By Anita Wandestrand,belleza,💇 Belleza,💇,Estética y salón de belleza en el centro de Martínez de la Torre.,"Av. Maximino Ávila Camacho s/n (entre José María Morelos y Pavon y Miguel Hidalgo y Costilla), Centro, 93600 Martínez de la Torre, Ver.",2321384335,,,,,20.06215081,-97.05452282,local,denue-2026-05,30102812110003101000000000U6,Salones y clínicas de belleza y peluquerías,0 a 5 personas,2019-11
Aplicación y Decoración de Uñas Yaya Nails,belleza,💇 Belleza,💇,Estética y salón de belleza en el centro de Martínez de la Torre.,"Av. Pedro Belli 321, Centro, 93600 Martínez de la Torre, Ver.",2321336922,,,,,20.06225714,-97.05244055,local,denue-2026-05,30102812110002551000000000U3,Salones y clínicas de belleza y peluquerías,0 a 5 personas,2019-11
Barber Shop Barba Negra,belleza,💇 Belleza,💇,Estética y salón de belleza en el centro de Martínez de la Torre.,"Av. Maximino Ávila Camacho s/n (entre Nicolás Bravo y Guadalupe Victoria), Centro, 93600 Martínez de la Torre, Ver.",2212974088,,,,,20.06007866,-97.05815729,local,denue-2026-05,30102812110003881100000000U3,Salones y clínicas de belleza y peluquerías,0 a 5 personas,2021-05
Barbería American,belleza,💇 Belleza,💇,Estética y salón de belleza en el centro de Martínez de la Torre.,"Av. Maximino Ávila Camacho 500, Centro, 93600 Martínez de la Torre, Ver.",2321079769,,,,,20.06345321,-97.05186832,local,denue-2026-05,30102812110003731000000000U0,Salones y clínicas de belleza y peluquerías,0 a 5 personas,2019-11
Barbería Arber Shop Hair Cuts,belleza,💇 Belleza,💇,Estética y salón de belleza en el centro de Martínez de la Torre.,"Ignacio Allende s/n (entre Av. 5 de Febrero y Av. Ignacio de la Llave), Centro, 93600 Martínez de la Torre, Ver.",2321764542,,,,,20.06424917,-97.05770094,local,denue-2026-05,30102812110004381000000000U3,Salones y clínicas de belleza y peluquerías,0 a 5 personas,2024-11
Barbería Arte y Belleza,belleza,💇 Belleza,💇,"Estética y salón de belleza en la colonia Melchor Ocampo, Martínez de la Torre.","Blvd. Alfinio Flores Beltran s/n (entre General Leandro Valle y Francisco Javier Miranda), Col. Melchor Ocampo, 93603 Martínez de la Torre, Ver.",2321480792,,,,,20.0702464,-97.06267264,local,denue-2026-05,30102812110003141100000000U2,Salones y clínicas de belleza y peluquerías,0 a 5 personas,2019-11
Barbería Barber Shop,belleza,💇 Belleza,💇,"Estética y salón de belleza en la colonia Cuauhtémoc, Martínez de la Torre.","La Malinche s/n (entre Blvd. Cuauhtémoc y Moctezuma), Col. Cuauhtémoc, 93608 Martínez de la Torre, Ver.",2321558736,,,,,20.07082981,-97.06593992,local,denue-2026-05,30102812110004261000000000U7,Salones y clínicas de belleza y peluquerías,0 a 5 personas,2024-11
Barbería Blak Diamon,belleza,💇 Belleza,💇,"Estética y salón de belleza en la colonia Ejidal, Martínez de la Torre.","Lucio Blanco 60A, Col. Ejidal, 93606 Martínez de la Torre, Ver.",2321592903,,,,https://www.barberibadiamon.conlak,20.07194665,-97.04281786,local,denue-2026-05,30102812110003941000000000U5,Salones y clínicas de belleza y peluquerías,0 a 5 personas,2024-11
Barbería Ghost Barber,belleza,💇 Belleza,💇,Estética y salón de belleza en el centro de Martínez de la Torre.,"Mariano Matamoros 602, Centro, 93600 Martínez de la Torre, Ver.",2321490973,,,,,20.06565516,-97.05432636,local,denue-2026-05,30102812110004961000000000U2,Salones y clínicas de belleza y peluquerías,0 a 5 personas,2024-11
Barbería Roy,belleza,💇 Belleza,💇,"Estética y salón de belleza en la colonia Paraíso, Martínez de la Torre.","Av. 5 de Febrero 99, Plaza San Juan local 31, Col. Paraíso, 93603 Martínez de la Torre, Ver.",2321382555,,,,,20.06490472,-97.05694658,local,denue-2026-05,30102812110001661000000000U1,Salones y clínicas de belleza y peluquerías,0 a 5 personas,2014-12
Barbería y Estética Ladys Shop,belleza,💇 Belleza,💇,"Estética y salón de belleza en la colonia Rodríguez Cano, Martínez de la Torre.","Blvd. Alfinio Flores Beltran 1103, Col. Rodríguez Cano, 93608 Martínez de la Torre, Ver.",2321236465,,,,,20.07298989,-97.06452429,local,denue-2026-05,30102812110002851000000000U7,Salones y clínicas de belleza y peluquerías,0 a 5 personas,2019-11
Clínica de Nutrición y Estética Corporal Liliana Guardado,belleza,💇 Belleza,💇,"Estética y salón de belleza en la colonia Patria, Martínez de la Torre.","Nicolás Bravo 508, Col. Patria, 93600 Martínez de la Torre, Ver.",3113539873,,,,,20.06265756,-97.05898915,local,denue-2026-05,30102812110004331000000000U8,Salones y clínicas de belleza y peluquerías,0 a 5 personas,2024-11
Cosmetologia Militza Villanueva,belleza,💇 Belleza,💇,Estética y salón de belleza en el centro de Martínez de la Torre.,"Vicente Guerrero 202, Centro, 93600 Martínez de la Torre, Ver.",2321344078,,,,,20.06198618,-97.05317883,local,denue-2026-05,30102812110005231000000000U9,Salones y clínicas de belleza y peluquerías,0 a 5 personas,2025-04
Delicias Xanat Cosmetica Artesanal,belleza,💇 Belleza,💇,Venta de perfumería y cosméticos en el centro de Martínez de la Torre.,"Vicente Guerrero 503B, Centro, 93600 Martínez de la Torre, Ver.",2321017625,,,,,20.064664,-97.05489532,local,denue-2026-05,30102465111000371000000000U6,Comercio al por menor de artículos de perfumería y cosméticos,0 a 5 personas,2024-11
Estilista Profesional Diamonds,belleza,💇 Belleza,💇,"Estética y salón de belleza en la colonia Adolfo Ruíz Cortines, Martínez de la Torre.","Blvd. Alfinio Flores Beltran 903, Col. Adolfo Ruíz Cortines, 93607 Martínez de la Torre, Ver.",2323244817,,,,,20.0711755,-97.06342033,local,denue-2026-05,30102812110002311000000000U2,Salones y clínicas de belleza y peluquerías,0 a 5 personas,2010-07
Estética Alta Peluquería Lupis,belleza,💇 Belleza,💇,Estética y salón de belleza en el centro de Martínez de la Torre.,"Mariano Abasolo 605B, Centro, 93600 Martínez de la Torre, Ver.",2321423522,,,,,20.06334681,-97.05836548,local,denue-2026-05,30102812110001021000000000U8,Salones y clínicas de belleza y peluquerías,0 a 5 personas,2010-07
Estética Arturos,belleza,💇 Belleza,💇,"Estética y salón de belleza en la colonia Paraíso, Martínez de la Torre.","Cozumel 302A, Col. Paraíso, 93603 Martínez de la Torre, Ver.",2321057292,,,,,20.07072683,-97.05952045,local,denue-2026-05,30102812110001201000000000U6,Salones y clínicas de belleza y peluquerías,0 a 5 personas,2010-07
Estética Claudia Carballo,belleza,💇 Belleza,💇,"Estética y salón de belleza en la colonia Ejidal, Martínez de la Torre.","Severo Maldonado s/n (entre Santiago de la Hoz y Antonio Soto y Gama), Col. Ejidal, 93606 Martínez de la Torre, Ver.",2323235928,,,,,20.06881716,-97.04501494,local,denue-2026-05,30102812110004081000000000U9,Salones y clínicas de belleza y peluquerías,0 a 5 personas,2024-11
Estética Delia,belleza,💇 Belleza,💇,"Estética y salón de belleza en la colonia Ejidal, Martínez de la Torre.","Adolfo López Mateos 44B, Col. Ejidal, 93606 Martínez de la Torre, Ver.",2321429082,,,,,20.07062627,-97.04446545,local,denue-2026-05,30102812110004781000000000U4,Salones y clínicas de belleza y peluquerías,0 a 5 personas,2024-11
Estética Elegance Salón,belleza,💇 Belleza,💇,"Estética y salón de belleza en la colonia Vista Hermosa, Martínez de la Torre.","Blvd. Magistral s/n (entre Avenida Diana Laura y José María Morelos y Pavon), Col. Vista Hermosa, 93608 Martínez de la Torre, Ver.",2321360790,,,,,20.07834149,-97.06916464,local,denue-2026-05,30102812110002611000000000U5,Salones y clínicas de belleza y peluquerías,0 a 5 personas,2019-11
Estética Embellecerte,belleza,💇 Belleza,💇,Estética y salón de belleza en el centro de Martínez de la Torre.,"Vicente Guerrero 516B, Centro, 93600 Martínez de la Torre, Ver.",2321043131,,,,,20.06485295,-97.05487042,local,denue-2026-05,30102812110001781000000000U7,Salones y clínicas de belleza y peluquerías,0 a 5 personas,2010-07
Estética Glow Studio,belleza,💇 Belleza,💇,Estética y salón de belleza en el centro de Martínez de la Torre.,"Francisco Javier Mina 207B, Centro, 93600 Martínez de la Torre, Ver.",2321203107,,,,,20.06321532,-97.05188389,local,denue-2026-05,30102812110003961000000000U3,Salones y clínicas de belleza y peluquerías,0 a 5 personas,2024-11
Estética Grace Stylos,belleza,💇 Belleza,💇,Estética y salón de belleza en el centro de Martínez de la Torre.,"Av. Pedro Belli 205B, Centro, 93600 Martínez de la Torre, Ver.",2321149328,,,,,20.06090105,-97.05496009,local,denue-2026-05,30102812110002021000000000U7,Salones y clínicas de belleza y peluquerías,0 a 5 personas,2010-07
Estética Infinity Unisex Salón,belleza,💇 Belleza,💇,"Estética y salón de belleza en la colonia Cuauhtémoc, Martínez de la Torre.","Blvd. Alfinio Flores Beltran s/n (entre Terreno de Naranjal y Moctezuma), Col. Cuauhtémoc, 93608 Martínez de la Torre, Ver.",2321457410,,,,,20.0713781,-97.06354925,local,denue-2026-05,30102812110004671000000000U7,Salones y clínicas de belleza y peluquerías,0 a 5 personas,2024-11
Estética Jessy,belleza,💇 Belleza,💇,"Estética y salón de belleza en la colonia Melchor Ocampo, Martínez de la Torre.","Av. 5 de Febrero 5, Col. Melchor Ocampo, 93603 Martínez de la Torre, Ver.",2325935079,,,,,20.06463824,-97.05745426,local,denue-2026-05,30102812110003641000000000U1,Salones y clínicas de belleza y peluquerías,0 a 5 personas,2019-11
Estética Kenia Mahe,belleza,💇 Belleza,💇,Estética y salón de belleza en el centro de Martínez de la Torre.,"Av. Pedro Belli s/n (entre Ignacio López Rayón y Ignacio Aldama), Centro, 93600 Martínez de la Torre, Ver.",2321977205,,,,,20.06377788,-97.05030382,local,denue-2026-05,30102812110004941000000000U4,Salones y clínicas de belleza y peluquerías,0 a 5 personas,2024-11
Estética Li Limón,belleza,💇 Belleza,💇,Estética y salón de belleza en el centro de Martínez de la Torre.,"José María Morelos y Pavon 606A, Centro, 93600 Martínez de la Torre, Ver.",2323242453,,,,,20.06486377,-97.05594996,local,denue-2026-05,30102812110001301000000000U4,Salones y clínicas de belleza y peluquerías,0 a 5 personas,2010-07
Estética Licha,belleza,💇 Belleza,💇,Estética y salón de belleza en el centro de Martínez de la Torre.,"Av. Ignacio de la Llave 807, Centro, 93600 Martínez de la Torre, Ver.",2321099872,,,,,20.06732805,-97.05059822,local,denue-2026-05,30102812110002401000000000U1,Salones y clínicas de belleza y peluquerías,0 a 5 personas,2014-12
Estética Moren S,belleza,💇 Belleza,💇,"Estética y salón de belleza en la colonia Ejidal, Martínez de la Torre.","Plan de Ayala s/n (entre Hilario C Salas y Adolfo López Mateos), Col. Ejidal, 93600 Martínez de la Torre, Ver.",2321038583,,,,,20.06737278,-97.0469197,local,denue-2026-05,30102812110002671000000000U9,Salones y clínicas de belleza y peluquerías,0 a 5 personas,2019-11
Estética Queens Salón,belleza,💇 Belleza,💇,"Estética y salón de belleza en la colonia Melchor Ocampo, Martínez de la Torre.","Prol. Miguel Hidalgo y Costilla 123, Col. Melchor Ocampo, 93603 Martínez de la Torre, Ver.",2321549079,,,,,20.06648671,-97.05815662,local,denue-2026-05,30102812110004171000000000U8,Salones y clínicas de belleza y peluquerías,0 a 5 personas,2024-11
Estética Sexigirl,belleza,💇 Belleza,💇,Estética y salón de belleza en el centro de Martínez de la Torre.,"Av. Maximino Ávila Camacho 512, Centro, 93600 Martínez de la Torre, Ver.",2321021690,,,,,20.06376358,-97.05131109,local,denue-2026-05,30102812110000411000000000U2,Salones y clínicas de belleza y peluquerías,0 a 5 personas,2010-07
Estética Studio 14,belleza,💇 Belleza,💇,"Estética y salón de belleza en la colonia Ejidal, Martínez de la Torre.","Adolfo López Mateos s/n (entre Articulo 27 y Plan de Ayala), Col. Ejidal, 93606 Martínez de la Torre, Ver.",2321146781,,,,,20.06850596,-97.04703913,local,denue-2026-05,30102812110004401000000000U9,Salones y clínicas de belleza y peluquerías,0 a 5 personas,2024-11
Estética Unisex Atrevete,belleza,💇 Belleza,💇,Estética y salón de belleza en el centro de Martínez de la Torre.,"Mariano Abasolo 504, Centro, 93600 Martínez de la Torre, Ver.",2321013062,,,,,20.06279501,-97.05787779,local,denue-2026-05,30102812110000771000000000U9,Salones y clínicas de belleza y peluquerías,0 a 5 personas,2010-07
Estética Unisex Iker,belleza,💇 Belleza,💇,"Estética y salón de belleza en la colonia Vista Hermosa, Martínez de la Torre.","Blvd. Magistral s/n (entre 16 de Julio y Prol. Benito Juárez Garcia), Col. Vista Hermosa, 93608 Martínez de la Torre, Ver.",2321440530,,,,,20.0762887,-97.07267751,local,denue-2026-05,30102812110004891000000000U1,Salones y clínicas de belleza y peluquerías,0 a 5 personas,2024-11
Estética Unisex Moda y Glamour,belleza,💇 Belleza,💇,Estética y salón de belleza en el centro de Martínez de la Torre.,"José María Morelos y Pavón 404B, Centro, 93600 Martínez de la Torre, Ver.",2321495571,,,,,20.06328764,-97.05500497,local,denue-2026-05,30102812110005151000000000U9,Salones y clínicas de belleza y peluquerías,0 a 5 personas,2025-04
Estética Unisex Ney Style,belleza,💇 Belleza,💇,"Estética y salón de belleza en la colonia Unión, Martínez de la Torre.","Av. 5 de Febrero 302, Col. Unión, 93607 Martínez de la Torre, Ver.",2321477753,,,,,20.06378346,-97.05905061,local,denue-2026-05,30102812110003701000000000U3,Salones y clínicas de belleza y peluquerías,0 a 5 personas,2019-11
Estética Unisex Ángel,belleza,💇 Belleza,💇,"Estética y salón de belleza en la colonia Cuauhtémoc, Martínez de la Torre.","Moctezuma 132, Col. Cuauhtémoc, 93608 Martínez de la Torre, Ver.",2321334510,,,,,20.07061647,-97.06540358,local,denue-2026-05,30102812110004251000000000U8,Salones y clínicas de belleza y peluquerías,0 a 5 personas,2024-11
Estética de Belleza Taly Sayago,belleza,💇 Belleza,💇,"Estética y salón de belleza en la colonia Ejidal, Martínez de la Torre.","Adolfo López Mateos s/n (entre Felipe Carrillo Puerto y Articulo 27), Col. Ejidal, 93606 Martínez de la Torre, Ver.",2321002909,,,,,20.06889319,-97.04661409,local,denue-2026-05,30102812110003521000000000U5,Salones y clínicas de belleza y peluquerías,0 a 5 personas,2019-11
Estética y Uñas Glamour Et Beante,belleza,💇 Belleza,💇,Estética y salón de belleza en el centro de Martínez de la Torre.,"Nicolás Bravo 203A, Centro, 93600 Martínez de la Torre, Ver.",2321048531,,,,,20.06007637,-97.05747213,local,denue-2026-05,30102812110004541000000000U2,Salones y clínicas de belleza y peluquerías,0 a 5 personas,2024-11
F241 T027 Mtz de la Torre,belleza,💇 Belleza,💇,Venta de perfumería y cosméticos en el centro de Martínez de la Torre.,"Av. Melchor Ocampo 408, Centro, 93600 Martínez de la Torre, Ver.",2323243338,,,,,20.06386121,-97.05299694,local,denue-2026-05,30102465111000391000004000S4,Comercio al por menor de artículos de perfumería y cosméticos,0 a 5 personas,2025-04
Flow Style Peluquería,belleza,💇 Belleza,💇,Estética y salón de belleza en el centro de Martínez de la Torre.,"Nicolás Bravo 102B, Centro, 93600 Martínez de la Torre, Ver.",2321374769,,,,,20.05963207,-97.05707798,local,denue-2026-05,30102812110004771000000000U5,Salones y clínicas de belleza y peluquerías,0 a 5 personas,2024-11
Instituto de Belleza Ycapelf,belleza,💇 Belleza,💇,Estética y salón de belleza en el centro de Martínez de la Torre.,"Av. Pedro Belli 100C, Centro, 93600 Martínez de la Torre, Ver.",2323236571,,,,,20.06104891,-97.05453134,local,denue-2026-05,30102812110003671100000000U8,Salones y clínicas de belleza y peluquerías,0 a 5 personas,2019-11
La Antigua Barber Shop,belleza,💇 Belleza,💇,Estética y salón de belleza en el centro de Martínez de la Torre.,"Av. Pedro Belli 400, Centro, 93600 Martínez de la Torre, Ver.",2321206022,,,,,20.05980695,-97.05742022,local,denue-2026-05,30102812110003891000000000U2,Salones y clínicas de belleza y peluquerías,0 a 5 personas,2021-11
Peluquería Aguilar,belleza,💇 Belleza,💇,"Estética y salón de belleza en la colonia Melchor Ocampo, Martínez de la Torre.","Niños Héroes de Chapultepec 103, Col. Melchor Ocampo, 93603 Martínez de la Torre, Ver.",2321346869,,,,,20.06809013,-97.05934296,local,denue-2026-05,30102812110001761000000000U9,Salones y clínicas de belleza y peluquerías,0 a 5 personas,2014-12
Peluquería Casa Barbas,belleza,💇 Belleza,💇,"Estética y salón de belleza en la colonia Melchor Ocampo, Martínez de la Torre.","Niños Héroes de Chapultepec 109, Col. Melchor Ocampo, 93603 Martínez de la Torre, Ver.",2321136039,,,,,20.06802435,-97.05946249,local,denue-2026-05,30102812110003691100000000U6,Salones y clínicas de belleza y peluquerías,0 a 5 personas,2019-11
Peluquería Garcia,belleza,💇 Belleza,💇,Estética y salón de belleza en el centro de Martínez de la Torre.,"Av. Pedro Belli 205B, Centro, 93600 Martínez de la Torre, Ver.",2321098011,,,,,20.06090105,-97.05496009,local,denue-2026-05,30102812110000961000000000U6,Salones y clínicas de belleza y peluquerías,0 a 5 personas,2010-07
Peluquería Gv,belleza,💇 Belleza,💇,"Estética y salón de belleza en la colonia Luis Donaldo Colosio, Martínez de la Torre.","Blvd. Patricio Chirinos Calero s/n (entre Adolfo López Mateos y Pedro Manterola Rojas), Col. Luis Donaldo Colosio, 93608 Martínez de la Torre, Ver.",2321419898,,,,,20.07336507,-97.07642015,local,denue-2026-05,30102812110003351000000000U7,Salones y clínicas de belleza y peluquerías,0 a 5 personas,2019-11
Peluquería Nuevo Look,belleza,💇 Belleza,💇,Estética y salón de belleza en el centro de Martínez de la Torre.,"Ignacio Allende 610B, Centro, 93600 Martínez de la Torre, Ver.",2321483514,,,,,20.06409261,-97.05760954,local,denue-2026-05,30102812110003331000000000U9,Salones y clínicas de belleza y peluquerías,0 a 5 personas,2019-11
Peluquería Unisex Rivers,belleza,💇 Belleza,💇,"Estética y salón de belleza en la colonia Alfredo V Bonfil, Martínez de la Torre.","Veracruz s/n (entre José María Morelos y Pavon y Emiliano Zapata), Col. Alfredo V Bonfil, 93608 Martínez de la Torre, Ver.",2321445934,,,,,20.07684839,-97.06782818,local,denue-2026-05,30102812110004811000000000U9,Salones y clínicas de belleza y peluquerías,0 a 5 personas,2024-11
Sala de Uñas Martha Aguilar,belleza,💇 Belleza,💇,Estética y salón de belleza en el centro de Martínez de la Torre.,"Av. Ignacio de la Llave 304B, Centro, 93600 Martínez de la Torre, Ver.",2251044976,,,,,20.06507823,-97.05454816,local,denue-2026-05,30102812110002971100000000U3,Salones y clínicas de belleza y peluquerías,0 a 5 personas,2019-11
Salón de Belleza Diana Laura,belleza,💇 Belleza,💇,"Estética y salón de belleza en la colonia Ejidal, Martínez de la Torre.","Salvador Allende s/n (entre Felipe Carrillo Puerto y Severo Maldonado), Col. Ejidal, 93606 Martínez de la Torre, Ver.",2321034434,,,,,20.0673435,-97.0445272,local,denue-2026-05,30102812110002651000000000U1,Salones y clínicas de belleza y peluquerías,0 a 5 personas,2019-11
Salón de Belleza Estética Lipstick,belleza,💇 Belleza,💇,Estética y salón de belleza en el centro de Martínez de la Torre.,"Av. General Ignacio Zaragoza 209H, Centro, 93600 Martínez de la Torre, Ver.",2321099946,,,,,20.06401066,-97.05484782,local,denue-2026-05,30102812110002791000000000U5,Salones y clínicas de belleza y peluquerías,0 a 5 personas,2019-11
Salón de Belleza Glam Studio By Yassmin,belleza,💇 Belleza,💇,Estética y salón de belleza en el centro de Martínez de la Torre.,"Av. Melchor Ocampo 303, Centro, 93600 Martínez de la Torre, Ver.",2321250138,,,,,20.06144559,-97.05751224,local,denue-2026-05,30102812110003081000000000U0,Salones y clínicas de belleza y peluquerías,0 a 5 personas,2019-11
Salón de Belleza Mabel Saldaña,belleza,💇 Belleza,💇,"Estética y salón de belleza en la colonia Paraíso, Martínez de la Torre.","Av. 5 de Febrero 99, Plaza San Juan local 77 Y 78, Col. Paraíso, 93603 Martínez de la Torre, Ver.",2321036133,,,,,20.06490472,-97.05694658,local,denue-2026-05,30102812110003421000000000U8,Salones y clínicas de belleza y peluquerías,0 a 5 personas,2019-11
Salón de Belleza Mila Studio Makeup Nails & Eyelashes,belleza,💇 Belleza,💇,Estética y salón de belleza en el centro de Martínez de la Torre.,"José María Morelos y Pavon 509A, Centro, 93600 Martínez de la Torre, Ver.",2321278050,,,,,20.06419288,-97.0556561,local,denue-2026-05,30102812110004701000000000U2,Salones y clínicas de belleza y peluquerías,0 a 5 personas,2024-11
Salón de Belleza Monse Colors,belleza,💇 Belleza,💇,"Estética y salón de belleza en la colonia Emiliano Zapata, Martínez de la Torre.","Prol. Miguel Hidalgo y Costilla 930, Col. Emiliano Zapata, 93603 Martínez de la Torre, Ver.",2321087269,,,,,20.06793197,-97.05889647,local,denue-2026-05,30102812110004801000000000U0,Salones y clínicas de belleza y peluquerías,0 a 5 personas,2024-11
Salón de Belleza Natti Rodríguez,belleza,💇 Belleza,💇,Estética y salón de belleza en el centro de Martínez de la Torre.,"Av. Pedro Belli 411, Centro, 93600 Martínez de la Torre, Ver.",2321611520,,,,,20.062515,-97.05203611,local,denue-2026-05,30102812110005081000000000U8,Salones y clínicas de belleza y peluquerías,0 a 5 personas,2024-11
Salón de Belleza Studio Liva,belleza,💇 Belleza,💇,Estética y salón de belleza en el centro de Martínez de la Torre.,"Av. General Ignacio Zaragoza 317B, Centro, 93600 Martínez de la Torre, Ver.",2321765780,,,,https://www.studioliva.com,20.06453342,-97.05385999,local,denue-2026-05,30102812110004141000000000U1,Salones y clínicas de belleza y peluquerías,0 a 5 personas,2024-11
Salón de Belleza Yazuri,belleza,💇 Belleza,💇,"Estética y salón de belleza en la colonia Benito Juárez, Martínez de la Torre.","Manuel Ávila Camacho 301, Col. Benito Juárez, 93606 Martínez de la Torre, Ver.",2321570582,,,,,20.0720204,-97.03652922,local,denue-2026-05,30102812110003651100000000U0,Salones y clínicas de belleza y peluquerías,0 a 5 personas,2019-11
Servicio de Aplicación de Uñas Blue Lashes,belleza,💇 Belleza,💇,Estética y salón de belleza en el centro de Martínez de la Torre.,"Av. Ignacio de la Llave s/n (entre Miguel Hidalgo y Costilla y Ignacio Allende), Centro, 93600 Martínez de la Torre, Ver.",2321239154,,,,,20.06399902,-97.05673894,local,denue-2026-05,30102812110004321000000000U9,Salones y clínicas de belleza y peluquerías,0 a 5 personas,2024-11
Servicio de Aplicación de Uñas Gaby,belleza,💇 Belleza,💇,Estética y salón de belleza en el centro de Martínez de la Torre.,"Mariano Abasolo s/n (entre Av. General Ignacio Zaragoza y Av. Ignacio de la Llave), Centro, 93600 Martínez de la Torre, Ver.",2321716165,,,,,20.06263846,-97.05778638,local,denue-2026-05,30102812110003981000000000U1,Salones y clínicas de belleza y peluquerías,0 a 5 personas,2024-11
Servicio de Barbería Madrid,belleza,💇 Belleza,💇,"Estética y salón de belleza en la colonia Melchor Ocampo, Martínez de la Torre.","Blvd. Alfinio Flores Beltrán s/n (entre Ramón Corona y General Leandro Valle), Col. Melchor Ocampo, 93603 Martínez de la Torre, Ver.",2321488223,,,,,20.07074261,-97.06298835,local,denue-2026-05,30102812110005171000000000U7,Salones y clínicas de belleza y peluquerías,0 a 5 personas,2025-04
Servicio de Manicure Vika Nails,belleza,💇 Belleza,💇,Estética y salón de belleza en el centro de Martínez de la Torre.,"Av. Pedro Belli s/n (entre Ignacio López Rayón y Ignacio Aldama), Centro, 93600 Martínez de la Torre, Ver.",2321352158,,,,,20.06386478,-97.05019479,local,denue-2026-05,30102812110004061000000000U1,Salones y clínicas de belleza y peluquerías,0 a 5 personas,2024-11
Venta de Perfumería y Regalos Gema,belleza,💇 Belleza,💇,Venta de perfumería y cosméticos en el centro de Martínez de la Torre.,"Av. General Ignacio Zaragoza s/n (entre Miguel Hidalgo y Costilla y José María Morelos y Pavon), Centro, 93600 Martínez de la Torre, Ver.",2323735275,,,,,20.06344574,-97.05569218,local,denue-2026-05,30102465111000071000000000U2,Comercio al por menor de artículos de perfumería y cosméticos,0 a 5 personas,2010-07
Venta de Perfumes y Cosméticos Zermat Internacional,belleza,💇 Belleza,💇,Venta de perfumería y cosméticos en el centro de Martínez de la Torre.,"José María Morelos y Pavon 307, Centro, 93600 Martínez de la Torre, Ver.",2323241166,,,,,20.06275497,-97.05479341,local,denue-2026-05,30102465111000271000000000U8,Comercio al por menor de artículos de perfumería y cosméticos,0 a 5 personas,2010-07
Venta de Productos de Belleza Agranel,belleza,💇 Belleza,💇,Venta de perfumería y cosméticos en el centro de Martínez de la Torre.,"Ignacio Allende 508, Centro, 93600 Martínez de la Torre, Ver.",2323243257,,,,,20.06329733,-97.05713922,local,denue-2026-05,30102465111000041000000000U5,Comercio al por menor de artículos de perfumería y cosméticos,0 a 5 personas,2010-07
Agua Purificada Express la Purisima,botanas,🥤 Botanas y bebidas,🥤,"Purificadora de agua en la colonia Moctezuma, Martínez de la Torre.","Av. Lázaro Cárdenas del Río s/n (entre Venustiano Carranza y Carr. Libramiento Martínez de la Torre-tlapacoyan), Col. Moctezuma, 93603 Martínez de la Torre, Ver.",2323293300,,,,,20.07725679,-97.05358758,local,denue-2026-05,30102312112000221000000000U6,Purificación y embotellado de agua,0 a 5 personas,2010-07
Agua Purificada Laguna Azul,botanas,🥤 Botanas y bebidas,🥤,"Purificadora de agua en la colonia Cuauhtémoc, Martínez de la Torre.","Moctezuma 178, Col. Cuauhtémoc, 93608 Martínez de la Torre, Ver.",2227959606,,,,,20.06953086,-97.06756803,local,denue-2026-05,30102312112000021000000000U0,Purificación y embotellado de agua,0 a 5 personas,2010-07
Antro la Bohemia Antro Terraza la Bohemia,botanas,🥤 Botanas y bebidas,🥤,Centro nocturno en el centro de Martínez de la Torre.,"Ignacio Allende 300, Centro, 93600 Martínez de la Torre, Ver.",2321240888,,,,,20.06165791,-97.05615563,local,denue-2026-05,30102722411000073000000000U1,"Centros nocturnos, discotecas y similares",11 a 30 personas,2024-11
Bar Cueva de Lobos,botanas,🥤 Botanas y bebidas,🥤,"Bar en la colonia Vicente Guerrero, Martínez de la Torre.","Independencia s/n (entre Prol. Ignacio Allende y Blvd. Alfinio Flores Beltran), Col. Vicente Guerrero, 93603 Martínez de la Torre, Ver.",2322163946,,,,,20.07323728,-97.06345062,local,denue-2026-05,30102722412001161000000000U1,"Bares, cantinas y similares",0 a 5 personas,2024-11
Bar Usave,botanas,🥤 Botanas y bebidas,🥤,"Venta de vinos y licores en la colonia Vicente Guerrero, Martínez de la Torre.","Insurgentes 1000, Col. Vicente Guerrero, 93603 Martínez de la Torre, Ver.",2321142234,,,,,20.07335575,-97.0622804,local,denue-2026-05,30102461212001001010000000U8,Comercio al por menor de vinos y licores,0 a 5 personas,2019-11
Bar el Rancho,botanas,🥤 Botanas y bebidas,🥤,Bar en el centro de Martínez de la Torre.,"Guadalupe Victoria 404, Centro, 93600 Martínez de la Torre, Ver.",2321986145,,,,,20.05928411,-97.05796347,local,denue-2026-05,30102722412000661000000000U1,"Bares, cantinas y similares",0 a 5 personas,2014-12
Cervecería Cantaritos Agave,botanas,🥤 Botanas y bebidas,🥤,"Bar en la colonia Ejidal, Martínez de la Torre.","Adolfo López Mateos s/n (entre Plan de Ayala y Lázaro Cárdenas), Col. Ejidal, 93600 Martínez de la Torre, Ver.",2321461393,,,,,20.06778148,-97.04763209,local,denue-2026-05,30102332320001451110000000U3,"Bares, cantinas y similares",0 a 5 personas,2019-11
Cervecería Taquería las Tablas,botanas,🥤 Botanas y bebidas,🥤,Bar en el centro de Martínez de la Torre.,"Ignacio Allende 501, Centro, 93600 Martínez de la Torre, Ver.",2323735975,,,,,20.06335374,-97.05728601,local,denue-2026-05,30102722412001011000000000U8,"Bares, cantinas y similares",0 a 5 personas,2019-11
Cervecería el Atoron,botanas,🥤 Botanas y bebidas,🥤,"Bar en la colonia Cañizo, Martínez de la Torre.","Carr. Federal Martínez San Rafael s/n (entre Cultivo y Vicente Guerrero), Col. Cañizo, 93633 Martínez de la Torre, Ver.",2321268459,,,,,20.08752268,-97.02235104,local,denue-2026-05,30102722412000731000000000U2,"Bares, cantinas y similares",0 a 5 personas,2010-07
Expendio de Billetes de Loteria 2,botanas,🥤 Botanas y bebidas,🥤,Venta de bebidas y hielo en el centro de Martínez de la Torre.,"Av. Maximino Ávila Camacho 210, Centro, 93600 Martínez de la Torre, Ver.",2321161756,,,,,20.06234402,-97.0539457,local,denue-2026-05,30102461213000581000000000U8,Comercio al por menor de bebidas no alcohólicas y hielo,0 a 5 personas,2019-11
Helados Bambi,botanas,🥤 Botanas y bebidas,🥤,"Paletería y nevería en la colonia Cuauhtémoc, Martínez de la Torre.","Blvd. Alfinio Flores Beltrán 1001, Col. Cuauhtémoc, 93600 Martínez de la Torre, Ver.",2323242797,,,,,20.07170844,-97.06376016,local,denue-2026-05,30102461170000201000000000U5,Comercio al por menor de paletas de hielo y helados,0 a 5 personas,2019-11
Helados Don Fabian,botanas,🥤 Botanas y bebidas,🥤,"Nevería, jugos y snacks en el centro de Martínez de la Torre.","Francisco Javier Mina 616, Centro, 93600 Martínez de la Torre, Ver.",2321446017,,,,,20.06651281,-97.05373357,local,denue-2026-05,30102461170000211110000000U4,"Cafeterías, fuentes de sodas, neverías, refresquerías y similares",0 a 5 personas,2019-11
Hielo y Agua Gobi,botanas,🥤 Botanas y bebidas,🥤,"Purificadora de agua en la colonia Constitución, Martínez de la Torre.","Enrique Lausher 214, Col. Constitución, 93600 Martínez de la Torre, Ver.",2323241104,,,,,20.06271361,-97.05995257,local,denue-2026-05,30102312112000193000000000U7,Purificación y embotellado de agua,11 a 30 personas,2014-12
Jugos y Mariscos Citro Gambas,botanas,🥤 Botanas y bebidas,🥤,"Nevería, jugos y snacks en el centro de Martínez de la Torre.","Av. Pedro Belli 104, Centro, 93600 Martínez de la Torre, Ver.",2321011295,,,,,20.06113532,-97.05439391,local,denue-2026-05,30102722219000451000000000U6,"Cafeterías, fuentes de sodas, neverías, refresquerías y similares",0 a 5 personas,2010-07
Mi Tiendita los Yayos,botanas,🥤 Botanas y bebidas,🥤,Venta de bebidas y hielo en el centro de Martínez de la Torre.,"Mariano Matamoros 301, Centro, 93600 Martínez de la Torre, Ver.",2321391186,,,,,20.06234555,-97.05243163,local,denue-2026-05,30102461213000611000000000U3,Comercio al por menor de bebidas no alcohólicas y hielo,0 a 5 personas,2024-11
Nutri Jugos y Ensaladas,botanas,🥤 Botanas y bebidas,🥤,"Nevería, jugos y snacks en la colonia Ejidal, Martínez de la Torre.","Adolfo López Mateos 303, Col. Ejidal, 93600 Martínez de la Torre, Ver.",2321163407,,,,,20.06794601,-97.04764662,local,denue-2026-05,30102722515000741000000000U1,"Cafeterías, fuentes de sodas, neverías, refresquerías y similares",0 a 5 personas,2019-11
Purificadora Oasis,botanas,🥤 Botanas y bebidas,🥤,"Purificadora de agua en la colonia San Lorenzo, Martínez de la Torre.","Gladiolas 121, Col. San Lorenzo, 93603 Martínez de la Torre, Ver.",2321714462,,,,,20.07442689,-97.05195398,local,denue-2026-05,30102312112000401000000000U4,Purificación y embotellado de agua,0 a 5 personas,2019-11
Purificadora Paraíso,botanas,🥤 Botanas y bebidas,🥤,"Purificadora de agua en la colonia Melchor Ocampo, Martínez de la Torre.","Licenciado Manuel Mateos 101A, Col. Melchor Ocampo, 93603 Martínez de la Torre, Ver.",2321353678,,,,,20.0699299,-97.06026757,local,denue-2026-05,30102312112000162002000000U2,Purificación y embotellado de agua,6 a 10 personas,2010-07
Purificadora de Agua 10 Diez,botanas,🥤 Botanas y bebidas,🥤,"Purificadora de agua en la colonia Constitución, Martínez de la Torre.","Callejón Damian Carmona 117, Col. Constitución, 93600 Martínez de la Torre, Ver.",2321041234,,,,,20.06034458,-97.06063631,local,denue-2026-05,30102312112000381000000000U8,Purificación y embotellado de agua,0 a 5 personas,2019-11
Restauran Bar Bahia 2,botanas,🥤 Botanas y bebidas,🥤,Bar en el centro de Martínez de la Torre.,"Av. Ignacio de la Llave 700A, Centro, 93600 Martínez de la Torre, Ver.",2321435465,,,,,20.06676435,-97.05144343,local,denue-2026-05,30102722412000191000000000U9,"Bares, cantinas y similares",0 a 5 personas,2010-07
Snacks Viña Snack,botanas,🥤 Botanas y bebidas,🥤,"Nevería, jugos y snacks en la colonia Moctezuma, Martínez de la Torre.","Av. Tenoch s/n (entre Ignacio Zaragoza y Agustín Melgar), Col. Moctezuma, 93603 Martínez de la Torre, Ver.",2322536557,,,,,20.07553517,-97.05338611,local,denue-2026-05,30102722515000911000000000U0,"Cafeterías, fuentes de sodas, neverías, refresquerías y similares",0 a 5 personas,2024-11
Tortas y Licuados la Santa Torta,botanas,🥤 Botanas y bebidas,🥤,"Nevería, jugos y snacks en el centro de Martínez de la Torre.","Av. General Ignacio Zaragoza 310B, Centro, 93600 Martínez de la Torre, Ver.",2323225048,,,,,20.06443274,-97.05386304,local,denue-2026-05,30102722515001021000000000U7,"Cafeterías, fuentes de sodas, neverías, refresquerías y similares",0 a 5 personas,2024-11
Venta de Agua Purificada las Lomas,botanas,🥤 Botanas y bebidas,🥤,"Purificadora de agua en la colonia Libertad, Martínez de la Torre.","12 de Septiembre s/n (entre Av. Central y Av. Parcialidad), Col. Libertad, 93603 Martínez de la Torre, Ver.",2321264246,,,,,20.07797644,-97.05983024,local,denue-2026-05,30102312112000481000000000U6,Purificación y embotellado de agua,0 a 5 personas,2024-11
Venta de Agua de Garrafon Aqua Fast,botanas,🥤 Botanas y bebidas,🥤,"Purificadora de agua en la colonia Alfredo V Bonfil, Martínez de la Torre.","Calle a las Cañadas Martínez s/n, Col. Alfredo V Bonfil, 93603 Martínez de la Torre, Ver.",2321152488,,,,,20.07573502,-97.06590833,local,denue-2026-05,30102312112000501000000000U1,Purificación y embotellado de agua,0 a 5 personas,2024-11
Venta de Jugos y Tortas California,botanas,🥤 Botanas y bebidas,🥤,"Nevería, jugos y snacks en el centro de Martínez de la Torre.","Mariano Matamoros 308, Centro, 93600 Martínez de la Torre, Ver.",2323240981,,,,,20.06353288,-97.05303584,local,denue-2026-05,30102722515001101000000000U7,"Cafeterías, fuentes de sodas, neverías, refresquerías y similares",0 a 5 personas,2025-04
Video Bar el Cocktel,botanas,🥤 Botanas y bebidas,🥤,Bar en el centro de Martínez de la Torre.,"Av. General Ignacio Zaragoza 809A, Centro, 93600 Martínez de la Torre, Ver.",2323227791,,,,,20.06654359,-97.0501664,local,denue-2026-05,30102461211000081001000000U3,"Bares, cantinas y similares",11 a 30 personas,2012-06
Vinateria Solymar,botanas,🥤 Botanas y bebidas,🥤,"Venta de vinos y licores en la colonia Unión, Martínez de la Torre.","Av. 5 de Febrero 502, Col. Unión, 93607 Martínez de la Torre, Ver.",2321482739,,,,,20.06290693,-97.06064524,local,denue-2026-05,30102461211000061000000000U5,Comercio al por menor de vinos y licores,0 a 5 personas,2010-07
Cafetería de Barrio,cafes,☕ Cafés y cafeterías,☕,Cafetería en el centro de Martínez de la Torre.,"Av. Pedro Belli 311B, Centro, 93600 Martínez de la Torre, Ver.",2321381558,,,,,20.05988636,-97.05669556,local,denue-2026-05,30102722515000942000000000U5,"Cafeterías, fuentes de sodas, neverías, refresquerías y similares",6 a 10 personas,2024-11
Cafetería de la Universidad del Golfo,cafes,☕ Cafés y cafeterías,☕,"Cafetería en la colonia Adolfo Ruíz Cortines, Martínez de la Torre.","Calle a la Universidad del Golfo s/n, Col. Adolfo Ruíz Cortines, 93607 Martínez de la Torre, Ver.",2321128285,,,,,20.06927756,-97.06428345,local,denue-2026-05,30102722212001371002000000U0,"Cafeterías, fuentes de sodas, neverías, refresquerías y similares",0 a 5 personas,2010-07
Café y Postres Entropia,cafes,☕ Cafés y cafeterías,☕,Cafetería en el centro de Martínez de la Torre.,"Av. Pedro Belli 303, Centro, 93600 Martínez de la Torre, Ver.",2321543885,,,,,20.06190634,-97.05305882,local,denue-2026-05,30102722515001082000000000U9,"Cafeterías, fuentes de sodas, neverías, refresquerías y similares",6 a 10 personas,2025-04
Chocomileria Sarabia,cafes,☕ Cafés y cafeterías,☕,Cafetería en el centro de Martínez de la Torre.,"Francisco Javier Mina 401, Centro, 93600 Martínez de la Torre, Ver.",2321100491,,,,,20.06452251,-97.05267694,local,denue-2026-05,30102722515000261000000000U0,"Cafeterías, fuentes de sodas, neverías, refresquerías y similares",0 a 5 personas,2010-07
Venta de Malteadas Club de Nutrición,cafes,☕ Cafés y cafeterías,☕,Cafetería en el centro de Martínez de la Torre.,"Av. Ignacio de la Llave 204B, Centro, 93600 Martínez de la Torre, Ver.",2322419843,,,,,20.06350057,-97.05765816,local,denue-2026-05,30102433110000041010000000U6,"Cafeterías, fuentes de sodas, neverías, refresquerías y similares",0 a 5 personas,2019-11
Centro de Nutrición Herbalife,comida,🍱 Comida,🍱,Preparación de alimentos en el centro de Martínez de la Torre.,"Guadalupe Victoria s/n (entre Av. Melchor Ocampo y Av. Maximino Ávila Camacho), Centro, 93600 Martínez de la Torre, Ver.",2321269607,,,,,20.06053795,-97.05881755,local,denue-2026-05,30102722519001221100000000U5,Servicios de preparación de otros alimentos para consumo inmediato,0 a 5 personas,2020-11
Club Herbalife,comida,🍱 Comida,🍱,Preparación de alimentos en el centro de Martínez de la Torre.,"Av. Ignacio de la Llave 209, Centro, 93600 Martínez de la Torre, Ver.",2321058611,,,,,20.06366391,-97.05718957,local,denue-2026-05,30102722519000041000000000U8,Servicios de preparación de otros alimentos para consumo inmediato,0 a 5 personas,2014-12
Club Herbalife Conexioncon Tu Salud,comida,🍱 Comida,🍱,"Preparación de alimentos en la colonia Melchor Ocampo, Martínez de la Torre.","Blvd. Alfinio Flores Beltran s/n (entre Francisco Javier Miranda y General Joaquín Herrera), Col. Melchor Ocampo, 93603 Martínez de la Torre, Ver.",2321126785,,,,,20.06974288,-97.06236054,local,denue-2026-05,30102722515000901000000000U1,Servicios de preparación de otros alimentos para consumo inmediato,0 a 5 personas,2024-11
Club de Herbalife,comida,🍱 Comida,🍱,Preparación de alimentos en el centro de Martínez de la Torre.,"Av. Pedro Belli 113A, Centro, 93600 Martínez de la Torre, Ver.",2321154686,,,,,20.06066368,-97.0552366,local,denue-2026-05,30102722519000091000000000U3,Servicios de preparación de otros alimentos para consumo inmediato,0 a 5 personas,2014-12
Club de Nutrición Herbalife,comida,🍱 Comida,🍱,Preparación de alimentos en el centro de Martínez de la Torre.,"Av. Maximino Ávila Camacho 405A, Centro, 93600 Martínez de la Torre, Ver.",2321234386,,,,,20.06009885,-97.05812031,local,denue-2026-05,30102722519000551100000000U6,Servicios de preparación de otros alimentos para consumo inmediato,0 a 5 personas,2010-07
Club de Nutrición Herbalife,comida,🍱 Comida,🍱,"Preparación de alimentos en la colonia José López Portillo, Martínez de la Torre.","Blvd. Rafael Hernández Ochoa s/n (entre Blvd. Alfinio Flores Beltran y Miguel Hidalgo y Costilla), Col. José López Portillo, 93600 Martínez de la Torre, Ver.",2323292191,,,,,20.06809647,-97.06179983,local,denue-2026-05,30102722519001291000000000U8,Servicios de preparación de otros alimentos para consumo inmediato,0 a 5 personas,2024-11
Club de Nutrición Herbalife,comida,🍱 Comida,🍱,Preparación de alimentos en el centro de Martínez de la Torre.,"Av. Pedro Belli 308, Centro, 93600 Martínez de la Torre, Ver.",2321049905,,,,,20.06205803,-97.05260435,local,denue-2026-05,30102722515000571000000000U2,Servicios de preparación de otros alimentos para consumo inmediato,0 a 5 personas,2019-11
Club de Nutrición Herbalife el Puente,comida,🍱 Comida,🍱,Preparación de alimentos en el centro de Martínez de la Torre.,"Av. Pedro Belli 100, Centro, 93600 Martínez de la Torre, Ver.",2281098261,,,,,20.0610057,-97.05460006,local,denue-2026-05,30102464113000291010000000U3,Servicios de preparación de otros alimentos para consumo inmediato,0 a 5 personas,2014-12
Cocina Económica Mi Bello Amanecer,comida,🍱 Comida,🍱,"Comida para llevar en la colonia Ejidal, Martínez de la Torre.","Adolfo López Mateos 308A, Col. Ejidal, 93600 Martínez de la Torre, Ver.",2321047513,,,,,20.06780833,-97.04761236,local,denue-2026-05,30102722518000861000000000U1,Restaurantes que preparan otro tipo de alimentos para llevar,0 a 5 personas,2019-11
Cocina Económica Rosita,comida,🍱 Comida,🍱,"Comida para llevar en la colonia San Manuel, Martínez de la Torre.","Unión s/n (entre 5 de Mayo y 20 de Noviembre), Col. San Manuel, 93604 Martínez de la Torre, Ver.",2321269741,,,,,20.07964527,-97.03671369,local,denue-2026-05,30102722518000211000000000U9,Restaurantes que preparan otro tipo de alimentos para llevar,0 a 5 personas,2010-07
Cocina Económica el Comal,comida,🍱 Comida,🍱,Comida para llevar en el centro de Martínez de la Torre.,"Av. 5 de Febrero 202B, Centro, 93600 Martínez de la Torre, Ver.",2321008331,,,,,20.06529113,-97.05606695,local,denue-2026-05,30102722219001562012000000U9,Restaurantes que preparan otro tipo de alimentos para llevar,0 a 5 personas,2010-07
Cocina Económica el Refugio,comida,🍱 Comida,🍱,"Comida para llevar en la colonia Saltillo, Martínez de la Torre.","Jobo s/n (entre Nuevo Leon y Cedro), Col. Saltillo, 93605 Martínez de la Torre, Ver.",2321338299,,,,,20.07996159,-97.03019326,local,denue-2026-05,30102722518000081000000000U6,Restaurantes que preparan otro tipo de alimentos para llevar,0 a 5 personas,2014-12
Cocina Económica la Suculenta,comida,🍱 Comida,🍱,Comida para llevar en el centro de Martínez de la Torre.,"Av. Maximino Ávila Camacho 720, Centro, 93600 Martínez de la Torre, Ver.",2321706025,,,,,20.06476389,-97.04965399,local,denue-2026-05,30102722518001021000000000U1,Restaurantes que preparan otro tipo de alimentos para llevar,0 a 5 personas,2024-11
Cocina Económica las Cazuelas de Oly,comida,🍱 Comida,🍱,Comida para llevar en el centro de Martínez de la Torre.,"Av. General Ignacio Zaragoza 424A, Centro, 93600 Martínez de la Torre, Ver.",2321257025,,,,,20.06489293,-97.05300044,local,denue-2026-05,30102722518000021000000000U2,Restaurantes que preparan otro tipo de alimentos para llevar,0 a 5 personas,2014-12
Comedor Reyno Vegetal,comida,🍱 Comida,🍱,"Servicio de comida para eventos en la colonia Unión, Martínez de la Torre.","Centenario del 5 de Mayo 409, Col. Unión, 93607 Martínez de la Torre, Ver.",2321135642,,,,,20.06398154,-97.06039698,local,denue-2026-05,30102722310000021000000000U4,Servicios de comedor para empresas e instituciones,0 a 5 personas,2021-11
Comedor Richard S,comida,🍱 Comida,🍱,"Comida para llevar en la colonia Saltillo, Martínez de la Torre.","Adolfo López Mateos s/n, Col. Saltillo, 93605 Martínez de la Torre, Ver.",2321360307,,,,,20.07976624,-97.03112871,local,denue-2026-05,30102722519000011010000000U1,Restaurantes que preparan otro tipo de alimentos para llevar,0 a 5 personas,2010-07
Comerdor Magaly,comida,🍱 Comida,🍱,"Comida para llevar en la colonia Saltillo, Martínez de la Torre.","Adolfo López Mateos s/n, Col. Saltillo, 93605 Martínez de la Torre, Ver.",2321333301,,,,,20.07972638,-97.03118977,local,denue-2026-05,30102722518000011000000000U3,Restaurantes que preparan otro tipo de alimentos para llevar,0 a 5 personas,2010-07
Las Chamoyadas Krepazo,comida,🍱 Comida,🍱,"Preparación de alimentos en la colonia Patria, Martínez de la Torre.","Nicolás Bravo 603, Col. Patria, 93600 Martínez de la Torre, Ver.",2321762161,,,,,20.0630115,-97.05920277,local,denue-2026-05,30102722519000951000000000U8,Servicios de preparación de otros alimentos para consumo inmediato,0 a 5 personas,2019-11
Pizzería Tlapa Pizza,comida,🍱 Comida,🍱,"Pizzas, hamburguesas, hot dogs o pollos para llevar en la colonia Melchor Ocampo, Martínez de la Torre.","Av. 5 de Febrero 212, Col. Melchor Ocampo, 93603 Martínez de la Torre, Ver.",2321043035,,,,,20.06403464,-97.05858276,local,denue-2026-05,30102722517000051001000000U1,"Restaurantes con servicio de preparación de pizzas, hamburguesas, hot dogs y pollos rostizados para llevar",6 a 10 personas,2010-07
Pollos Norteños,comida,🍱 Comida,🍱,"Pizzas, hamburguesas, hot dogs o pollos para llevar en la colonia Vista Hermosa, Martínez de la Torre.","Blvd. Magistral s/n (entre Fernando Gutiérrez Barrios y Venustiano Carranza), Col. Vista Hermosa, 93608 Martínez de la Torre, Ver.",2321148589,,,,,20.07726788,-97.07091536,local,denue-2026-05,30102461110013111010000000U7,"Restaurantes con servicio de preparación de pizzas, hamburguesas, hot dogs y pollos rostizados para llevar",0 a 5 personas,2020-11
Restaurant la Campesina 2,comida,🍱 Comida,🍱,"Comida para llevar en la colonia Patria, Martínez de la Torre.","Av. Ignacio de la Llave 521, Col. Patria, 93600 Martínez de la Torre, Ver.",2321245479,,,,,20.06183658,-97.06053316,local,denue-2026-05,30102722518000931000000000U2,Restaurantes que preparan otro tipo de alimentos para llevar,0 a 5 personas,2021-11
Restaurante Doña Uba,comida,🍱 Comida,🍱,Comida para llevar en el centro de Martínez de la Torre.,"Av. General Ignacio Zaragoza 301B, Centro, 93600 Martínez de la Torre, Ver.",2321259797,,,,,20.06427297,-97.05435627,local,denue-2026-05,30102722518000711001000000U8,Restaurantes que preparan otro tipo de alimentos para llevar,6 a 10 personas,2019-11
Restaurante Moyo,comida,🍱 Comida,🍱,"Pizzas, hamburguesas, hot dogs o pollos para llevar en la colonia Palo Blanco, Martínez de la Torre.","Carr. Federal Martínez San Rafael s/n (entre Fresno y Caoba), Col. Palo Blanco, 93605 Martínez de la Torre, Ver.",2323212861,,,,,20.08423031,-97.02695174,local,denue-2026-05,30102722219000181011000000U9,"Restaurantes con servicio de preparación de pizzas, hamburguesas, hot dogs y pollos rostizados para llevar",6 a 10 personas,2010-07
Restaurante el Chevere,comida,🍱 Comida,🍱,"Pizzas, hamburguesas, hot dogs o pollos para llevar en el centro de Martínez de la Torre.","Av. Maximino Ávila Camacho 800, Centro, 93600 Martínez de la Torre, Ver.",2323735309,,,,,20.0648946,-97.04954042,local,denue-2026-05,30102722517000142001000000U8,"Restaurantes con servicio de preparación de pizzas, hamburguesas, hot dogs y pollos rostizados para llevar",0 a 5 personas,2010-07
Restaurante la Casona,comida,🍱 Comida,🍱,Comida para llevar en el centro de Martínez de la Torre.,"Privada Banjidal 1, Centro, 93600 Martínez de la Torre, Ver.",2321574466,,,,,20.06128177,-97.05656163,local,denue-2026-05,30102722518001121000000000U9,Restaurantes que preparan otro tipo de alimentos para llevar,0 a 5 personas,2025-04
Restaurante la Manzana,comida,🍱 Comida,🍱,Comida para llevar en el centro de Martínez de la Torre.,"Av. Melchor Ocampo 313, Centro, 93600 Martínez de la Torre, Ver.",2321382938,,,,,20.06119849,-97.05797309,local,denue-2026-05,30102722518000511000000000U2,Restaurantes que preparan otro tipo de alimentos para llevar,0 a 5 personas,2019-11
Restaurante los Laureles,comida,🍱 Comida,🍱,Comida para llevar en el centro de Martínez de la Torre.,"Av. Melchor Ocampo 304, Centro, 93600 Martínez de la Torre, Ver.",2321122123,,,,,20.06145562,-97.0574937,local,denue-2026-05,30102722518001041000000000U9,Restaurantes que preparan otro tipo de alimentos para llevar,0 a 5 personas,2024-11
Ricardo Rivera Contreras Molino de Nixtamal,comida,🍱 Comida,🍱,"Tortillería en la colonia Río Chico, Martínez de la Torre.","Benito Juárez Garcia s/n (entre Revolución y Independencia), Col. Río Chico, 93608 Martínez de la Torre, Ver.",2321143454,,,,,20.0788463,-97.07941092,local,denue-2026-05,30102311830001351000000000U8,Elaboración de tortillas de maíz y molienda de nixtamal,0 a 5 personas,2024-11
Rosticería Pollos Pipiolos,comida,🍱 Comida,🍱,"Pizzas, hamburguesas, hot dogs o pollos para llevar en el centro de Martínez de la Torre.","Av. Melchor Ocampo 410, Centro, 93600 Martínez de la Torre, Ver.",2321982079,,,,,20.06387174,-97.05297721,local,denue-2026-05,30102722517000361000000000U4,"Restaurantes con servicio de preparación de pizzas, hamburguesas, hot dogs y pollos rostizados para llevar",0 a 5 personas,2019-11
Rosticería el Fogon,comida,🍱 Comida,🍱,"Pizzas, hamburguesas, hot dogs o pollos para llevar en el centro de Martínez de la Torre.","Mariano Matamoros 400, Centro, 93600 Martínez de la Torre, Ver.",2323732802,,,,,20.06399949,-97.05331959,local,denue-2026-05,30102722517000541000000000U1,"Restaurantes con servicio de preparación de pizzas, hamburguesas, hot dogs y pollos rostizados para llevar",0 a 5 personas,2024-11
Rosticería el Pollo Bronco,comida,🍱 Comida,🍱,"Pizzas, hamburguesas, hot dogs o pollos para llevar en el centro de Martínez de la Torre.","Av. Maximino Ávila Camacho 301, Centro, 93600 Martínez de la Torre, Ver.",2323731557,,,,,20.06280377,-97.0532954,local,denue-2026-05,30102722212001991010000000U5,"Restaurantes con servicio de preparación de pizzas, hamburguesas, hot dogs y pollos rostizados para llevar",0 a 5 personas,2010-07
Rosticería el Puente,comida,🍱 Comida,🍱,"Pizzas, hamburguesas, hot dogs o pollos para llevar en el centro de Martínez de la Torre.","Av. Melchor Ocampo 800, Centro, 93600 Martínez de la Torre, Ver.",2326882290,,,,,20.06556306,-97.04990388,local,denue-2026-05,30102722517000411000000000U7,"Restaurantes con servicio de preparación de pizzas, hamburguesas, hot dogs y pollos rostizados para llevar",0 a 5 personas,2019-11
Rosticería la Flama,comida,🍱 Comida,🍱,"Pizzas, hamburguesas, hot dogs o pollos para llevar en la colonia San Lorenzo, Martínez de la Torre.","Av. Tenoch s/n (entre Margarita Moran y Xochiquetzal), Col. San Lorenzo, 93603 Martínez de la Torre, Ver.",2321152867,,,,,20.07520477,-97.05326248,local,denue-2026-05,30102722517000581000000000U7,"Restaurantes con servicio de preparación de pizzas, hamburguesas, hot dogs y pollos rostizados para llevar",0 a 5 personas,2024-11
Rosticería la Palapa Norteña,comida,🍱 Comida,🍱,"Pizzas, hamburguesas, hot dogs o pollos para llevar en el centro de Martínez de la Torre.","Miguel Hidalgo y Costilla 400, Centro, 93600 Martínez de la Torre, Ver.",2322534352,,,,,20.06274329,-97.0557191,local,denue-2026-05,30102722212002152001000000U3,"Restaurantes con servicio de preparación de pizzas, hamburguesas, hot dogs y pollos rostizados para llevar",6 a 10 personas,2010-07
Tienda de Crepas y Chamoyadas No Que No,comida,🍱 Comida,🍱,Preparación de alimentos en el centro de Martínez de la Torre.,"Francisco Javier Mina 605A, Centro, 93600 Martínez de la Torre, Ver.",2321594796,,,,,20.0662592,-97.05372233,local,denue-2026-05,30102722519001501000000000U0,Servicios de preparación de otros alimentos para consumo inmediato,0 a 5 personas,2024-11
Tienda de Productos Naturales Tonic Life,comida,🍱 Comida,🍱,"Preparación de alimentos en la colonia Rodríguez Cano, Martínez de la Torre.","Miguel Hidalgo y Costilla s/n (entre Fernando Gutiérrez Barrios y Emiliano Zapata), Col. Rodríguez Cano, 93608 Martínez de la Torre, Ver.",2321485230,,,,,20.07301436,-97.06810472,local,denue-2026-05,30102722519001271000000000U0,Servicios de preparación de otros alimentos para consumo inmediato,0 a 5 personas,2024-11
Tortillería Lupita,comida,🍱 Comida,🍱,"Tortillería en la colonia Los Reyes, Martínez de la Torre.","Calle a las Cañadas Martínez 204, Col. Los Reyes, 93603 Martínez de la Torre, Ver.",2321237197,,,,,20.07405467,-97.06498915,local,denue-2026-05,30102311830000411000000000U1,Elaboración de tortillas de maíz y molienda de nixtamal,0 a 5 personas,2010-07
Tortillería Tlatelolco,comida,🍱 Comida,🍱,"Tortillería en la colonia Tlatelolco, Martínez de la Torre.","Axayacatl s/n (entre Av. Izcoatl y Tepeyac), Col. Tlatelolco, 93603 Martínez de la Torre, Ver.",2326905068,,,,,20.07365827,-97.05508934,local,denue-2026-05,30102311830001101000000000U7,Elaboración de tortillas de maíz y molienda de nixtamal,0 a 5 personas,2019-11
Tortillería Yadiel,comida,🍱 Comida,🍱,"Tortillería en la colonia La Esperanza, Martínez de la Torre.","Blvd. Patricio Chirinos Calero s/n (entre Independencia y Gilberto Gutiérrez), Col. La Esperanza, 93608 Martínez de la Torre, Ver.",2322207246,,,,,20.07814575,-97.07948133,local,denue-2026-05,30102311830001321000000000U1,Elaboración de tortillas de maíz y molienda de nixtamal,0 a 5 personas,2024-11
Tortillería Yanet,comida,🍱 Comida,🍱,"Tortillería en la colonia Vicente Guerrero, Martínez de la Torre.","Blvd. Alfinio Flores Beltran s/n (entre Ignacio Comonfort y Insurgentes), Col. Vicente Guerrero, 93603 Martínez de la Torre, Ver.",2321474642,,,,,20.07220589,-97.06390309,local,denue-2026-05,30102311830000051000000000U5,Elaboración de tortillas de maíz y molienda de nixtamal,0 a 5 personas,2010-07
Tortillería Yireh,comida,🍱 Comida,🍱,Tortillería en el centro de Martínez de la Torre.,"Miguel Hidalgo y Costilla 603, Centro, 93600 Martínez de la Torre, Ver.",9514322647,,,,,20.06454835,-97.05694624,local,denue-2026-05,30102311830000891000000000U4,Elaboración de tortillas de maíz y molienda de nixtamal,0 a 5 personas,2010-07
Tortillería del Mercado,comida,🍱 Comida,🍱,Tortillería en el centro de Martínez de la Torre.,"Miguel Hidalgo y Costilla 1, Rosendo Topete Ibañez local 400, Centro, 93600 Martínez de la Torre, Ver.",2321550460,,,,,20.06258027,-97.05574526,local,denue-2026-05,30102311830000581000000000U1,Elaboración de tortillas de maíz y molienda de nixtamal,0 a 5 personas,2010-07
Tortillería el Grano de Oro,comida,🍱 Comida,🍱,Tortillería en el centro de Martínez de la Torre.,"Av. Melchor Ocampo s/n (entre Av. Maximino Ávila Camacho y Pipila), Centro, 93600 Martínez de la Torre, Ver.",2323248320,,,,,20.0656451,-97.04975435,local,denue-2026-05,30102311830000401002000000U2,Elaboración de tortillas de maíz y molienda de nixtamal,0 a 5 personas,2010-07
Tortillería el Grano de Oro,comida,🍱 Comida,🍱,Tortillería en el centro de Martínez de la Torre.,"Miguel Hidalgo y Costilla 1, Rosendo Topete Ibañez local SN, Centro, 93600 Martínez de la Torre, Ver.",2323245308,,,,,20.06258027,-97.05574526,local,denue-2026-05,30102311830001092001000000U8,Elaboración de tortillas de maíz y molienda de nixtamal,0 a 5 personas,2019-11
Tortillería la Amiga,comida,🍱 Comida,🍱,"Tortillería en la colonia Ejidal, Martínez de la Torre.","Adolfo López Mateos 48B, Col. Ejidal, 93606 Martínez de la Torre, Ver.",2321023608,,,,,20.07095804,-97.04398528,local,denue-2026-05,30102311830000421000000000U0,Elaboración de tortillas de maíz y molienda de nixtamal,0 a 5 personas,2010-07
Tortillería la Milpita,comida,🍱 Comida,🍱,"Tortillería en la colonia Constitución, Martínez de la Torre.","Av. 5 de Febrero 516, Col. Constitución, 93600 Martínez de la Torre, Ver.",2321386287,,,,,20.06261865,-97.06097274,local,denue-2026-05,30102311830000941001000000U7,Elaboración de tortillas de maíz y molienda de nixtamal,6 a 10 personas,2014-12
Venta de Donas Montoneras Donas,comida,🍱 Comida,🍱,Preparación de alimentos en el centro de Martínez de la Torre.,"Av. Pedro Belli 212, Centro, 93600 Martínez de la Torre, Ver.",2321234797,,,,,20.06175463,-97.05315998,local,denue-2026-05,30102722519001341000000000U1,Servicios de preparación de otros alimentos para consumo inmediato,0 a 5 personas,2024-11
Venta de Hamburguesas la Carbonera,comida,🍱 Comida,🍱,"Pizzas, hamburguesas, hot dogs o pollos para llevar en la colonia Melchor Ocampo, Martínez de la Torre.","Prol. Ignacio Allende 702, Col. Melchor Ocampo, 93603 Martínez de la Torre, Ver.",2321038512,,,,,20.06473097,-97.05798933,local,denue-2026-05,30102722517000641000000000U9,"Restaurantes con servicio de preparación de pizzas, hamburguesas, hot dogs y pollos rostizados para llevar",0 a 5 personas,2024-11
Venta de Hamburguesas la Cochera,comida,🍱 Comida,🍱,"Pizzas, hamburguesas, hot dogs o pollos para llevar en el centro de Martínez de la Torre.","Benito Juárez Garcia s/n (entre Av. Maximino Ávila Camacho y 10 de Abril), Centro, 93600 Martínez de la Torre, Ver.",2321923260,,,,,20.06559459,-97.04892766,local,denue-2026-05,30102722516000191000000000U7,"Restaurantes con servicio de preparación de pizzas, hamburguesas, hot dogs y pollos rostizados para llevar",0 a 5 personas,2024-11
Venta de Hamburguesas y Hot Dog el Carnalito,comida,🍱 Comida,🍱,"Pizzas, hamburguesas, hot dogs o pollos para llevar en la colonia Vicente Guerrero, Martínez de la Torre.","Ignacio Comonfort s/n (entre Blvd. Alfinio Flores Beltran y Prol. Ignacio Allende), Col. Vicente Guerrero, 93603 Martínez de la Torre, Ver.",2321242539,,,,,20.0724244,-97.06300406,local,denue-2026-05,30102722517000511000000000U4,"Restaurantes con servicio de preparación de pizzas, hamburguesas, hot dogs y pollos rostizados para llevar",0 a 5 personas,2024-11
Venta de Malteadas Club de Nutrición Herbalife,comida,🍱 Comida,🍱,Preparación de alimentos en el centro de Martínez de la Torre.,"Av. Ignacio de la Llave s/n (entre Miguel Hidalgo y Costilla y Ignacio Allende), Centro, 93600 Martínez de la Torre, Ver.",2322542041,,,,,20.06399902,-97.05673894,local,denue-2026-05,30102722519001401000000000U3,Servicios de preparación de otros alimentos para consumo inmediato,0 a 5 personas,2024-11
Venta de Masa,comida,🍱 Comida,🍱,"Tortillería en la colonia Rodríguez Cano, Martínez de la Torre.","Niños Héroes 109, Col. Rodríguez Cano, 93608 Martínez de la Torre, Ver.",2321042766,,,,,20.07288452,-97.06706393,local,denue-2026-05,30102722110000081010000000U2,Elaboración de tortillas de maíz y molienda de nixtamal,0 a 5 personas,2010-07
Venta de Pizza Okay,comida,🍱 Comida,🍱,"Pizzas, hamburguesas, hot dogs o pollos para llevar en el centro de Martínez de la Torre.","Av. 5 de Febrero s/n (entre Miguel Hidalgo y Costilla y Ignacio Allende), Centro, 93600 Martínez de la Torre, Ver.",2323735505,,,,,20.06445055,-97.05764139,local,denue-2026-05,30102461130000691012000000U1,"Restaurantes con servicio de preparación de pizzas, hamburguesas, hot dogs y pollos rostizados para llevar",0 a 5 personas,2010-07
Aluminios Huesca,construccion,🏗️ Construcción,🏗️,"Vidrios y espejos en la colonia Adolfo Ruíz Cortines, Martínez de la Torre.","Ricardo Flores Magón 103, Col. Adolfo Ruíz Cortines, 93607 Martínez de la Torre, Ver.",2321097581,,,,,20.06919302,-97.0624071,local,denue-2026-05,30102332320000621010000000U2,Comercio al por menor de vidrios y espejos,0 a 5 personas,2010-07
Birlos y Tornillos Ven X Más,construccion,🏗️ Construcción,🏗️,"Ferretería y tlapalería en la colonia Vicente Guerrero, Martínez de la Torre.","Carr. Libramiento Martínez de la Torre Tlapacoyan 115C, Col. Vicente Guerrero, 93603 Martínez de la Torre, Ver.",2321133332,,,,,20.07358992,-97.06382866,local,denue-2026-05,30102467111000031000000000U4,Comercio al por menor en ferreterías y tlapalerías,0 a 5 personas,2010-07
Bodega Calle Antonio Soto y Gama,construccion,🏗️ Construcción,🏗️,"Ferretería y tlapalería en la colonia Ejidal, Martínez de la Torre.","Antonio Soto y Gama 613, Col. Ejidal, 93600 Martínez de la Torre, Ver.",2321481679,,,,,20.07152069,-97.04167096,local,denue-2026-05,30102467111000407000012317S6,Comercio al por menor en ferreterías y tlapalerías,0 a 5 personas,2010-07
Bodega Calle Hermenegildo Galeana,construccion,🏗️ Construcción,🏗️,Ferretería y tlapalería en el centro de Martínez de la Torre.,"Hermenegildo Galeana 302, Centro, 93600 Martínez de la Torre, Ver.",2321481679,,,,,20.05999397,-97.05945616,local,denue-2026-05,30102467111000081000012317S9,Comercio al por menor en ferreterías y tlapalerías,0 a 5 personas,2010-07
Central de Impermeabilizantes,construccion,🏗️ Construcción,🏗️,Venta de pintura en el centro de Martínez de la Torre.,"Av. General Ignacio Zaragoza 307B, Centro, 93600 Martínez de la Torre, Ver.",2321240128,,,,,20.06436584,-97.05417934,local,denue-2026-05,30102467113000221000000000U7,Comercio al por menor de pintura,0 a 5 personas,2019-11
Ferretería el Ancla,construccion,🏗️ Construcción,🏗️,Ferretería y tlapalería en el centro de Martínez de la Torre.,"Av. Melchor Ocampo 213C, Centro, 93600 Martínez de la Torre, Ver.",2321153747,,,,,20.06316033,-97.05452025,local,denue-2026-05,30102465213000013011000000U8,Comercio al por menor en ferreterías y tlapalerías,6 a 10 personas,2010-07
Ferretería el Rayo,construccion,🏗️ Construcción,🏗️,"Ferretería y tlapalería en la colonia Vicente Guerrero, Martínez de la Torre.","Carr. Libramiento Martínez de la Torre Tlapacoyan s/n (entre Iguala y Guanajuato), Col. Vicente Guerrero, 93603 Martínez de la Torre, Ver.",2321976459,,,,,20.07445663,-97.06147354,local,denue-2026-05,30102467111000851000000000U5,Comercio al por menor en ferreterías y tlapalerías,0 a 5 personas,2024-11
Grupo Comercial Jedaj,construccion,🏗️ Construcción,🏗️,Obra civil en el centro de Martínez de la Torre.,"Mariano Matamoros 310, Centro, 93600 Martínez de la Torre, Ver.",2322165298,,,,,20.06212259,-97.05228621,local,denue-2026-05,30102237212000112000000000U7,Construcción de obras de urbanización,6 a 10 personas,2026-04
Madereria Garcia,construccion,🏗️ Construcción,🏗️,"Venta de madera en la colonia Adolfo Ruíz Cortines, Martínez de la Torre.","Emiliano Zapata 109, Col. Adolfo Ruíz Cortines, 93607 Martínez de la Torre, Ver.",2323248072,,,,,20.06873054,-97.06233353,local,denue-2026-05,30102434224000081000000000U0,Comercio al por mayor de madera para la construcción y la industria,0 a 5 personas,2010-07
Madereria San Antonio,construccion,🏗️ Construcción,🏗️,"Venta de madera en la colonia San José de la Unión, Martínez de la Torre.","Río Coatzacoalcos 102, Col. San José de la Unión, 93603 Martínez de la Torre, Ver.",2321438249,,,,,20.07540963,-97.0606777,local,denue-2026-05,30102434224000131000000000U3,Comercio al por mayor de madera para la construcción y la industria,0 a 5 personas,2014-12
Madereria el Texano,construccion,🏗️ Construcción,🏗️,"Venta de madera en la colonia Vicente Guerrero, Martínez de la Torre.","Río Nautla s/n (entre Río Balsas y Río Bravo), Col. Vicente Guerrero, 93603 Martínez de la Torre, Ver.",2321221189,,,,,20.07423293,-97.06271295,local,denue-2026-05,30102434224000051000000000U3,Comercio al por mayor de madera para la construcción y la industria,0 a 5 personas,2010-07
Madereria la Guadalupana,construccion,🏗️ Construcción,🏗️,"Venta de madera en la colonia Vicente Guerrero, Martínez de la Torre.","Carr. Libramiento Martínez de la Torre Tlapacoyan s/n (entre Prol. Miguel Hidalgo y Costilla y Guanajuato), Col. Vicente Guerrero, 93603 Martínez de la Torre, Ver.",2323218546,,,,,20.07403641,-97.06244039,local,denue-2026-05,30102434224000141000000000U2,Comercio al por mayor de madera para la construcción y la industria,0 a 5 personas,2014-12
Marmoleria la Colonial,construccion,🏗️ Construcción,🏗️,"Fabricación de materiales para construcción en la colonia Guadalupe Victoria, Martínez de la Torre.","Blvd. Carlos Salinas de Gortari Rafael Martínez de la Torre s/n (entre Av. 5 de Febrero y Nogales), Col. Guadalupe Victoria, 93603 Martínez de la Torre, Ver.",2322330506,,,,,20.07084364,-97.04593352,local,denue-2026-05,30102327991000011000000000U1,Fabricación de productos a base de piedras de cantera,0 a 5 personas,2010-07
Materiales Veracruz,construccion,🏗️ Construcción,🏗️,"Ferretería y tlapalería en la colonia Cuahutemoc, Martínez de la Torre.","Carr. Libramiento Martínez de la Torre-tlapacoyan s/n (entre Alfinio Flores Beltrán y Blvd. 16 de Septiembre), Col. Cuahutemoc, 93608 Martínez de la Torre, Ver.",2323296497,,,,,20.07279877,-97.06536272,local,denue-2026-05,30102467111000431100037181S6,Comercio al por menor en ferreterías y tlapalerías,0 a 5 personas,2010-07
Materiales para Construcción el Caño,construccion,🏗️ Construcción,🏗️,"Materiales para construcción en la colonia Alfredo V Bonfil, Martínez de la Torre.","Calle a las Cañadas Martínez s/n (entre Veracruz y México), Col. Alfredo V Bonfil, 93608 Martínez de la Torre, Ver.",2323730423,,,,,20.07632082,-97.0663581,local,denue-2026-05,30102434211000041000000000U1,"Comercio al por mayor de cemento, tabique y grava",0 a 5 personas,2010-07
Materiales para la Construcción la Roca,construccion,🏗️ Construcción,🏗️,"Ferretería y tlapalería en la colonia Luis Donaldo Colosio, Martínez de la Torre.","Blvd. Patricio Chirinos Calero s/n (entre Mario Villa Soto y 23 de Marzo), Col. Luis Donaldo Colosio, 93608 Martínez de la Torre, Ver.",2321052108,,,,,20.07218231,-97.07567112,local,denue-2026-05,30102467111000501000000000U6,Comercio al por menor en ferreterías y tlapalerías,0 a 5 personas,2010-07
Pinturas Doal,construccion,🏗️ Construcción,🏗️,Venta de pintura en el centro de Martínez de la Torre.,"Av. 5 de Febrero 202, Centro, 93600 Martínez de la Torre, Ver.",2321101893,,,,,20.0652685,-97.05610832,local,denue-2026-05,30102467113000261000000000U3,Comercio al por menor de pintura,0 a 5 personas,2024-11
Pinturas Optimus Acuario,construccion,🏗️ Construcción,🏗️,"Venta de pintura en la colonia Cuauhtémoc, Martínez de la Torre.","Blvd. Alfinio Flores Beltran 1017, Col. Cuauhtémoc, 93608 Martínez de la Torre, Ver.",2323243768,,,,,20.07240882,-97.06417768,local,denue-2026-05,30102467113000061000000000U7,Comercio al por menor de pintura,0 a 5 personas,2010-07
Pisos y Recubrimientos Perote,construccion,🏗️ Construcción,🏗️,"Venta de pisos y recubrimientos en la colonia Guadalupe Victoria, Martínez de la Torre.","Blvd. Carlos Salinas de Gortari Rafael Martínez de la Torre s/n (entre Av. 5 de Febrero y Nogales), Col. Guadalupe Victoria, 93603 Martínez de la Torre, Ver.",2323248134,,,,,20.07074248,-97.04607431,local,denue-2026-05,30102467112000131000000000U0,Comercio al por menor de pisos y recubrimientos cerámicos,0 a 5 personas,2025-04
Servi Empaques 3g,construccion,🏗️ Construcción,🏗️,"Venta de madera en la colonia San Manuel, Martínez de la Torre.","5 de Mayo s/n (entre 20 de Noviembre y 22 de Noviembre), Col. San Manuel, 93604 Martínez de la Torre, Ver.",2321182368,,,,https://www.serviempaquesjdl.com.mx,20.07888926,-97.03695201,local,denue-2026-05,30102434224000201000000000U4,Comercio al por mayor de madera para la construcción y la industria,0 a 5 personas,2019-11
Taller de Aluminio Salum,construccion,🏗️ Construcción,🏗️,"Vidrios y espejos en la colonia San Vicente, Martínez de la Torre.","Carr. Libramiento Martínez de la Torre Tlapacoyan s/n, Col. San Vicente, 93607 Martínez de la Torre, Ver.",2323218592,,,,,20.06783158,-97.074131,local,denue-2026-05,30102332320000511010000000U5,Comercio al por menor de vidrios y espejos,0 a 5 personas,2010-07
Tubos y Conexiones del Golfo Sucursal Diamante,construccion,🏗️ Construcción,🏗️,"Ferretería y tlapalería en la colonia Moctezuma, Martínez de la Torre.","Carr. Libramiento Martínez de la Torre a Tlapacoyan 509, Col. Moctezuma, 93600 Martínez de la Torre, Ver.",2321481679,,,,,20.07739007,-97.05369118,local,denue-2026-05,30102467111000771000012317S5,Comercio al por menor en ferreterías y tlapalerías,0 a 5 personas,2023-11
Tubos y Conexiones del Golfo Sucursal Matriz,construccion,🏗️ Construcción,🏗️,Ferretería y tlapalería en el centro de Martínez de la Torre.,"Av. Melchor Ocampo 509, Centro, 93600 Martínez de la Torre, Ver.",2321481679,,,,,20.06451195,-97.05200558,local,denue-2026-05,30102467111000363003012317M1,Comercio al por menor en ferreterías y tlapalerías,31 a 50 personas,2010-07
Tubyco Construrama,construccion,🏗️ Construcción,🏗️,Ferretería y tlapalería en el centro de Martínez de la Torre.,"Av. Melchor Ocampo 702, Centro, 93600 Martínez de la Torre, Ver.",2321481679,,,,,20.06520851,-97.05071217,local,denue-2026-05,30102467111000603002012317S0,Comercio al por menor en ferreterías y tlapalerías,6 a 10 personas,2017-03
Tubyco Construrama Sucursal Díaz,construccion,🏗️ Construcción,🏗️,Ferretería y tlapalería en el centro de Martínez de la Torre.,"Av. Melchor Ocampo 303, Centro, 93600 Martínez de la Torre, Ver.",2321481679,,,,,20.06528087,-97.0504309,local,denue-2026-05,30102467111000593001012317S3,Comercio al por menor en ferreterías y tlapalerías,0 a 5 personas,2017-03
Unión de Materialistas Ctm,construccion,🏗️ Construcción,🏗️,"Obra civil en la colonia Dante Delgado Rannauro, Martínez de la Torre.","Blvd. Carlos Salinas de Gortari Rafael Martínez de la Torre s/n (entre Cipres y Los Pinos), Col. Dante Delgado Rannauro, 93604 Martínez de la Torre, Ver.",2323241188,,,,,20.0750341,-97.04012387,local,denue-2026-05,30102237312000021000000000U8,"Construcción de carreteras, puentes y similares",0 a 5 personas,2026-04
Venta de Ferretería el Mundo del Tornillo y Birlos,construccion,🏗️ Construcción,🏗️,"Ferretería y tlapalería en la colonia Melchor Ocampo, Martínez de la Torre.","Calle del Cedro 123A, Col. Melchor Ocampo, 93603 Martínez de la Torre, Ver.",2321156181,,,,,20.07166149,-97.06301768,local,denue-2026-05,30102467111000801000000000U0,Comercio al por menor en ferreterías y tlapalerías,0 a 5 personas,2024-11
Venta de Ferretería y Materiales Mi Casa Ferretemateriales,construccion,🏗️ Construcción,🏗️,"Ferretería y tlapalería en la colonia Jardines Plaza Verde, Martínez de la Torre.","Carr. Libramiento Martínez de la Torre Tlapacoyan s/n (entre Orquideas y Framboyanes), Col. Jardines Plaza Verde, 93603 Martínez de la Torre, Ver.",2351010646,,,,,20.07535032,-97.05932959,local,denue-2026-05,30102467111000791000000000U3,Comercio al por menor en ferreterías y tlapalerías,0 a 5 personas,2024-11
Venta de Laminas Plastitec,construccion,🏗️ Construcción,🏗️,"Ferretería y tlapalería en la colonia Moctezuma, Martínez de la Torre.","Carr. Libramiento Martínez de la Torre Tlapacoyan s/n (entre Av. Corregidora y 16 de Septiembre), Col. Moctezuma, 93603 Martínez de la Torre, Ver.",2213209392,,,,,20.07712516,-97.05463511,local,denue-2026-05,30102467111000811000000000U9,Comercio al por menor en ferreterías y tlapalerías,0 a 5 personas,2024-11
Venta de Madera San José,construccion,🏗️ Construcción,🏗️,"Venta de madera en la colonia Ejidal, Martínez de la Torre.","Adolfo López Mateos s/n (entre Adolfo Ruíz Cortines y Manuel Ávila Camacho), Col. Ejidal, 93606 Martínez de la Torre, Ver.",2321150512,,,,,20.07405453,-97.0391557,local,denue-2026-05,30102434224000031000000000U5,Comercio al por mayor de madera para la construcción y la industria,0 a 5 personas,2010-07
Venta de Marmoleria el Tata,construccion,🏗️ Construcción,🏗️,"Fabricación de materiales para construcción en la colonia Melchor Ocampo, Martínez de la Torre.","José de Emparan 217, Col. Melchor Ocampo, 93603 Martínez de la Torre, Ver.",2321411238,,,,,20.06681578,-97.06047705,local,denue-2026-05,30102327399000011010000000U7,Fabricación de productos a base de piedras de cantera,0 a 5 personas,2010-07
Vidrios Espejos y Aluminios Ortíz,construccion,🏗️ Construcción,🏗️,"Vidrios y espejos en la colonia Cuauhtémoc, Martínez de la Torre.","16 de Septiembre 105, Col. Cuauhtémoc, 93608 Martínez de la Torre, Ver.",2327157688,,,,,20.07253043,-97.06464647,local,denue-2026-05,30102332320000031000000000U4,Comercio al por menor de vidrios y espejos,0 a 5 personas,2010-07
Centros de Estudios Superiores Independencia,educacion,🏫 Educación,🏫,Universidad en el centro de Martínez de la Torre.,"Pipila s/n (entre Av. Melchor Ocampo y Av. General Ignacio Zaragoza), Centro, 93600 Martínez de la Torre, Ver.",2323731156,,,,,20.06561939,-97.04996332,local,denue-2026-05,30102611161000014011000000U0,Escuelas de educación superior del sector privado,31 a 50 personas,2010-07
Clases Particulares Matusmaticas,educacion,🏫 Educación,🏫,Clases particulares en el centro de Martínez de la Torre.,"Francisco Javier Mina 207C, Centro, 93600 Martínez de la Torre, Ver.",2321123254,,,,,20.06319796,-97.05187304,local,denue-2026-05,30102541690000062111000000U2,Servicios de profesores particulares,0 a 5 personas,2019-11
Clases de Baile Academia Euphoria,educacion,🏫 Educación,🏫,Escuela de arte en el centro de Martínez de la Torre.,"Mariano Matamoros 202A, Centro, 93600 Martínez de la Torre, Ver.",2321718657,,,,,20.06263632,-97.05249067,local,denue-2026-05,30102711510000021000000000U2,Escuelas de arte del sector privado,0 a 5 personas,2019-11
Clases de Danza y Yoga Namaste Yoga Studio,educacion,🏫 Educación,🏫,Escuela de deportes en el centro de Martínez de la Torre.,"Mariano Abasolo 406A, Centro, 93600 Martínez de la Torre, Ver.",2321559255,,,,,20.06229627,-97.05758763,local,denue-2026-05,30102611621000191000000000U9,Escuelas de deporte del sector privado,0 a 5 personas,2019-11
Clases de Ingles-frances,educacion,🏫 Educación,🏫,Clases particulares en el centro de Martínez de la Torre.,"Vicente Guerrero s/n (entre Av. Maximino Ávila Camacho y Av. Pedro Belli), Centro, 93600 Martínez de la Torre, Ver.",2321122448,,,,,20.06239971,-97.05352312,local,denue-2026-05,30102611691000021002000000U1,Servicios de profesores particulares,0 a 5 personas,2010-07
Escuela Ice Computación,educacion,🏫 Educación,🏫,Escuela de computación en el centro de Martínez de la Torre.,"Av. Maximino Ávila Camacho 109, Centro, 93600 Martínez de la Torre, Ver.",2321108886,,,,,20.06211742,-97.05458597,local,denue-2026-05,30102611421000041002000000U1,Escuelas de computación del sector privado,6 a 10 personas,2010-07
Escuela de Artes Marciales Moo Do He,educacion,🏫 Educación,🏫,"Escuela de deportes en la colonia Melchor Ocampo, Martínez de la Torre.","Prol. Miguel Hidalgo y Costilla 159, Col. Melchor Ocampo, 93603 Martínez de la Torre, Ver.",2321338267,,,,,20.06847496,-97.05932235,local,denue-2026-05,30102713943000261100000000U5,Escuelas de deporte del sector privado,0 a 5 personas,2019-11
Escuela de Artes Marciales Toyama Karate-do,educacion,🏫 Educación,🏫,"Escuela de deportes en la colonia Melchor Ocampo, Martínez de la Torre.","Prol. Ignacio Allende s/n (entre Niños Héroes de Chapultepec y José de Emparan), Col. Melchor Ocampo, 93603 Martínez de la Torre, Ver.",2323244169,,,,,20.06753415,-97.05965317,local,denue-2026-05,30102611621000131000000000U5,Escuelas de deporte del sector privado,0 a 5 personas,2014-12
Escuela de Gimnasia Ircess,educacion,🏫 Educación,🏫,Escuela de deportes en el centro de Martínez de la Torre.,"Mariano Matamoros 202C, Centro, 93600 Martínez de la Torre, Ver.",2323264507,,,,,20.06265382,-97.05250131,local,denue-2026-05,30102713943000231000000000U8,Escuelas de deporte del sector privado,0 a 5 personas,2019-11
Escuela de Natacion Aqua In,educacion,🏫 Educación,🏫,"Escuela de deportes en la colonia Ejidal, Martínez de la Torre.","Adolfo Ruíz Cortines s/n (entre Adolfo López Mateos y Antonio Soto y Gama), Col. Ejidal, 93606 Martínez de la Torre, Ver.",2321251480,,,,,20.07358644,-97.03895992,local,denue-2026-05,30102713113000021000000000U3,Escuelas de deporte del sector privado,0 a 5 personas,2024-11
Escuela de Tae Kwon Do Dragon Dorado,educacion,🏫 Educación,🏫,"Escuela de deportes en la colonia San Vicente, Martínez de la Torre.","8 de Septiembre s/n (entre 13 de Abril y 21 de Marzo), Col. San Vicente, 93607 Martínez de la Torre, Ver.",2323795320,,,,,20.06629843,-97.07216109,local,denue-2026-05,30102611621000211000000000U5,Escuelas de deporte del sector privado,0 a 5 personas,2019-11
Instituto Universitario Karl Friedrich Benz,educacion,🏫 Educación,🏫,"Universidad en la colonia Yucatan, Martínez de la Torre.","Manuel Zorrilla Rivera 137, Col. Yucatan, 93607 Martínez de la Torre, Ver.",2323537866,,,,,20.05904336,-97.06113323,local,denue-2026-05,30102611311000081000000000U0,Escuelas de educación superior del sector privado,0 a 5 personas,2024-11
Jardín de Niños Miguel Ángel de Quevedo,educacion,🏫 Educación,🏫,"Escuela preescolar en la colonia Primero de Mayo, Martínez de la Torre.","Esteban Baco s/n (entre Adolfo López Mateos y Soto y Gama), Col. Primero de Mayo, 93605 Martínez de la Torre, Ver.",2323246358,,,,,20.07629261,-97.03531216,local,denue-2026-05,30102611111000022002000000U8,Escuelas de educación preescolar del sector privado,6 a 10 personas,2010-07
Servicio de Clases de Regularización Bancukidz,educacion,🏫 Educación,🏫,Clases particulares en el centro de Martínez de la Torre.,"Mariano Abasolo 406B, Centro, 93600 Martínez de la Torre, Ver.",2281402524,,,,,20.06231406,-97.05759781,local,denue-2026-05,30102611691000071000000000U6,Servicios de profesores particulares,0 a 5 personas,2026-04
Florería Carmelita,eventos,🎉 Eventos,🎉,Florería en el centro de Martínez de la Torre.,"Miguel Hidalgo y Costilla 1, Rosendo Topete Ibañez local 183 230 260 261, Centro, 93600 Martínez de la Torre, Ver.",2323242559,,,,,20.06258027,-97.05574526,local,denue-2026-05,30102466312000021000000000U0,Comercio al por menor de plantas y flores naturales,0 a 5 personas,2010-07
Florería Liatris,eventos,🎉 Eventos,🎉,"Florería en la colonia Vicente Guerrero, Martínez de la Torre.","Carr. Libramiento Martínez de la Torre Tlapacoyan 111, Col. Vicente Guerrero, 93603 Martínez de la Torre, Ver.",2324394046,,,,,20.07346894,-97.06410036,local,denue-2026-05,30102466312000581000000000U3,Comercio al por menor de plantas y flores naturales,0 a 5 personas,2024-11
Florería Lupita,eventos,🎉 Eventos,🎉,Florería en el centro de Martínez de la Torre.,"Miguel Hidalgo y Costilla 1, Rosendo Topete Ibañez local 259 225 224 325 227, Centro, 93600 Martínez de la Torre, Ver.",2323242945,,,,,20.06258027,-97.05574526,local,denue-2026-05,30102466312000011002000000U1,Comercio al por menor de plantas y flores naturales,6 a 10 personas,2010-07
Florería Piter,eventos,🎉 Eventos,🎉,"Florería en la colonia Yucatan, Martínez de la Torre.","Av. Manuel Ávila Camacho s/n (entre Manuel Zorrilla Rivera y Av. Pedro Belli), Col. Yucatan, 93607 Martínez de la Torre, Ver.",2283130430,,,,,20.05912302,-97.06060144,local,denue-2026-05,30102466312000571000000000U4,Comercio al por menor de plantas y flores naturales,0 a 5 personas,2024-11
Florería la Orquidea,eventos,🎉 Eventos,🎉,"Florería en la colonia Vicente Guerrero, Martínez de la Torre.","Carr. Libramiento Martínez de la Torre Tlapacoyan s/n (entre Prol. Ignacio Allende y Blvd. Alfinio Flores Beltran), Col. Vicente Guerrero, 93603 Martínez de la Torre, Ver.",2323292090,,,,,20.07316664,-97.06446832,local,denue-2026-05,30102466312000111000000000U9,Comercio al por menor de plantas y flores naturales,0 a 5 personas,2010-07
Floristeria Xochipilli,eventos,🎉 Eventos,🎉,"Florería en la colonia Melchor Ocampo, Martínez de la Torre.","Av. 5 de Febrero 172, Col. Melchor Ocampo, 93603 Martínez de la Torre, Ver.",2321165608,,,,,20.06399859,-97.05865,local,denue-2026-05,30102466312000511000000000U0,Comercio al por menor de plantas y flores naturales,0 a 5 personas,2024-11
Floristeria Ángel D Amor,eventos,🎉 Eventos,🎉,Florería en el centro de Martínez de la Torre.,"Av. General Ignacio Zaragoza s/n (entre Mariano Abasolo y Ignacio Allende), Centro, 93600 Martínez de la Torre, Ver.",2321398881,,,,,20.06280371,-97.05704551,local,denue-2026-05,30102466312000651000000000U4,Comercio al por menor de plantas y flores naturales,0 a 5 personas,2025-04
Foto Estudio Herver,eventos,🎉 Eventos,🎉,Fotografía y video en el centro de Martínez de la Torre.,"Av. Pedro Belli 205E, Centro, 93600 Martínez de la Torre, Ver.",2321591976,,,,,20.06085243,-97.05505014,local,denue-2026-05,30102541920000051000000000U6,Servicios de fotografía y videograbación,0 a 5 personas,2010-07
Fotoestudio Oviedo,eventos,🎉 Eventos,🎉,Fotografía y video en el centro de Martínez de la Torre.,"José María Morelos y Pavon 419, Centro, 93600 Martínez de la Torre, Ver.",2323732808,,,,,20.06357339,-97.05528442,local,denue-2026-05,30102541920000041000000000U7,Servicios de fotografía y videograbación,0 a 5 personas,2010-07
Fotos el Portal,eventos,🎉 Eventos,🎉,Fotografía y video en el centro de Martínez de la Torre.,"Miguel Hidalgo y Costilla 11, Centro, 93600 Martínez de la Torre, Ver.",2321986042,,,,,20.06102639,-97.05480211,local,denue-2026-05,30102541920000111000000000U8,Servicios de fotografía y videograbación,0 a 5 personas,2014-12
Mariachi Juvenil Veracruz,eventos,🎉 Eventos,🎉,Espectáculos y entretenimiento en el centro de Martínez de la Torre.,"Av. Ignacio de la Llave 806, Centro, 93600 Martínez de la Torre, Ver.",2323294187,,,,,20.06729425,-97.05047301,local,denue-2026-05,30102711131000072001000000U0,Cantantes y grupos musicales del sector privado,0 a 5 personas,2014-12
Salón Jardín Real del Molino,eventos,🎉 Eventos,🎉,"Salón de fiestas en la colonia Ejidal, Martínez de la Torre.","Adolfo López Mateos s/n (entre Felipe Carrillo Puerto y Articulo 27), Col. Ejidal, 93600 Martínez de la Torre, Ver.",2321189347,,,,,20.06898067,-97.04664497,local,denue-2026-05,30102531113000011000000000U4,Alquiler sin intermediación de salones para fiestas y convenciones,0 a 5 personas,2010-07
Salón Social Pavo Real,eventos,🎉 Eventos,🎉,"Salón de fiestas en la colonia Ejidal, Martínez de la Torre.","Severo Maldonado s/n, Col. Ejidal, 93600 Martínez de la Torre, Ver.",2321243692,,,,,20.06926839,-97.04546795,local,denue-2026-05,30102531113000041000000000U1,Alquiler sin intermediación de salones para fiestas y convenciones,0 a 5 personas,2010-07
Salón Social el Compadre,eventos,🎉 Eventos,🎉,"Salón de fiestas en la colonia Primero de Mayo, Martínez de la Torre.","Soto y Gama s/n (entre Manuel M. Dieguez y Esteban Baco), Col. Primero de Mayo, 93605 Martínez de la Torre, Ver.",2322142478,,,,,20.07572196,-97.03550367,local,denue-2026-05,30102531113000111000000000U2,Alquiler sin intermediación de salones para fiestas y convenciones,0 a 5 personas,2010-07
Salón Social la Lomita,eventos,🎉 Eventos,🎉,"Salón de fiestas en la colonia José López Portillo, Martínez de la Torre.","Licenciado Rafael Hernández Ochoa s/n (entre Av. 2 de Abril y Blvd. Rafael Hernández Ochoa), Col. José López Portillo, 93607 Martínez de la Torre, Ver.",2722843299,,,,,20.0653334,-97.06320249,local,denue-2026-05,30102531113000461000000000U1,Alquiler sin intermediación de salones para fiestas y convenciones,0 a 5 personas,2024-11
Salón de Eventos Libertad,eventos,🎉 Eventos,🎉,"Salón de fiestas en la colonia Libertad, Martínez de la Torre.","Las Aguilas s/n (entre Río Grijalva y Av. Central), Col. Libertad, 93603 Martínez de la Torre, Ver.",2321424786,,,,,20.07724788,-97.06113442,local,denue-2026-05,30102531113000391000000000U0,Alquiler sin intermediación de salones para fiestas y convenciones,0 a 5 personas,2019-11
Salón de Eventos del Mar,eventos,🎉 Eventos,🎉,"Salón de fiestas en la colonia Ejidal, Martínez de la Torre.","Antonio Soto y Gama 509, Col. Ejidal, 93606 Martínez de la Torre, Ver.",2321257991,,,,,20.07082238,-97.04266376,local,denue-2026-05,30102531113000241000000000U7,Alquiler sin intermediación de salones para fiestas y convenciones,0 a 5 personas,2014-12
Tienda de Dimensional Games y Collectibles,eventos,🎉 Eventos,🎉,Juegos y entretenimiento en el centro de Martínez de la Torre.,"Av. Ignacio de la Llave 401A, Centro, 93600 Martínez de la Torre, Ver.",2321452812,,,,,20.06541914,-97.05410472,local,denue-2026-05,30102713120000491000000000U3,Casas de juegos electrónicos,0 a 5 personas,2019-11
Venta de Arreglos Florales Bella Flor,eventos,🎉 Eventos,🎉,Florería en el centro de Martínez de la Torre.,"Av. Pedro Belli 312B, Centro, 93600 Martínez de la Torre, Ver.",2321132977,,,,,20.06215922,-97.05243589,local,denue-2026-05,30102466312000631000000000U6,Comercio al por menor de plantas y flores naturales,0 a 5 personas,2024-11
Venta de Plantas de Hornato el Colibri,eventos,🎉 Eventos,🎉,"Florería en la colonia Melchor Ocampo, Martínez de la Torre.","Francisco Zarco 210C, Col. Melchor Ocampo, 93603 Martínez de la Torre, Ver.",2321102565,,,,,20.065558,-97.05954179,local,denue-2026-05,30102466312000071000000000U5,Comercio al por menor de plantas y flores naturales,0 a 5 personas,2010-07
Video y Fotografía Ángel,eventos,🎉 Eventos,🎉,"Fotografía y video en la colonia Melchor Ocampo, Martínez de la Torre.","Prol. Miguel Hidalgo y Costilla 127A, Col. Melchor Ocampo, 93603 Martínez de la Torre, Ver.",2321016657,,,,,20.06662529,-97.05823823,local,denue-2026-05,30102541920000091000000000U2,Servicios de fotografía y videograbación,0 a 5 personas,2010-07
Hotel Aqua Spa & Resort,hoteles,🏨 Hoteles,🏨,"Hotel en la colonia El Mirador, Martínez de la Torre.","Carr. Libramiento Martínez de la Torre a Tlapacoyan s/n, Col. El Mirador, 93607 Martínez de la Torre, Ver.",2321622737,,,,https://www.hotelaqua.com.mx,20.06758749,-97.07453077,local,denue-2026-05,30102721111000063001000000U9,Hoteles con otros servicios integrados,31 a 50 personas,2010-07
Hotel Cielo,hoteles,🏨 Hoteles,🏨,Hotel en el centro de Martínez de la Torre.,"Av. General Ignacio Zaragoza 211, Centro, 93600 Martínez de la Torre, Ver.",2323243730,,,,,20.06245513,-97.05750598,local,denue-2026-05,30102721112000191000000000U6,Hoteles sin otros servicios integrados,0 a 5 personas,2014-12
Hotel Rv,hoteles,🏨 Hoteles,🏨,"Hotel en la colonia Yucatan, Martínez de la Torre.","Blvd. Luis Donaldo Colosio Carretera Martínez Tlapacoyan 417, Col. Yucatan, 93607 Martínez de la Torre, Ver.",2323798805,,,,https://www.hotel-rv.com.mx,20.0600343,-97.06951534,local,denue-2026-05,30102721111000093001000000U6,Hoteles sin otros servicios integrados,6 a 10 personas,2019-11
Artículos Novedades para el Hogar,oficios,🔩 Oficios y servicios del hogar,🔩,Venta de cristalería y artículos para cocina en el centro de Martínez de la Torre.,"Av. 5 de Febrero 106, Centro, 93600 Martínez de la Torre, Ver.",2321477708,,,,,20.06482027,-97.05690081,local,denue-2026-05,30102466114000171000000000U3,"Comercio al por menor de cristalería, loza y utensilios de cocina",0 a 5 personas,2024-11
Balconería Horeb 1,oficios,🔩 Oficios y servicios del hogar,🔩,"Herrería en la colonia Melchor Ocampo, Martínez de la Torre.","Manuel Doblado 206, Col. Melchor Ocampo, 93603 Martínez de la Torre, Ver.",2321169482,,,,,20.0649047,-97.05880504,local,denue-2026-05,30102332320000201000000000U3,Fabricación de productos de herrería,0 a 5 personas,2010-07
Balconería Ramírez,oficios,🔩 Oficios y servicios del hogar,🔩,Herrería en el centro de Martínez de la Torre.,"Av. Ignacio de la Llave s/n (entre Pipila y Ignacio Aldama), Centro, 93600 Martínez de la Torre, Ver.",2321205686,,,,,20.06705317,-97.05110673,local,denue-2026-05,30102332320001481000000000U0,Fabricación de productos de herrería,0 a 5 personas,2019-11
Canceleria de Aluminio Lozada Aluminio,oficios,🔩 Oficios y servicios del hogar,🔩,"Herrería en la colonia Rafael Hernández Ochoa, Martínez de la Torre.","2 de Octubre s/n (entre Candido Aguilar y Lucio Blanco), Col. Rafael Hernández Ochoa, 93606 Martínez de la Torre, Ver.",2323265465,,,,,20.06915335,-97.04019899,local,denue-2026-05,30102332320000101000000000U5,Fabricación de productos de herrería,0 a 5 personas,2010-07
Carpintería Victoria,oficios,🔩 Oficios y servicios del hogar,🔩,"Carpintería en la colonia San Manuel, Martínez de la Torre.","22 de Noviembre s/n (entre Carr. Libramiento Martínez de la Torre-tlapacoyan y Privada Ferrer), Col. San Manuel, 93604 Martínez de la Torre, Ver.",2321100773,,,,,20.07911917,-97.03796467,local,denue-2026-05,30102321910000181000000000U8,Fabricación de productos de madera para la construcción,0 a 5 personas,2019-11
Cerrajería Jiménez,oficios,🔩 Oficios y servicios del hogar,🔩,"Cerrajería en la colonia Ejidal, Martínez de la Torre.","Adolfo López Mateos s/n (entre Plan de Ayala y Lázaro Cárdenas), Col. Ejidal, 93600 Martínez de la Torre, Ver.",2321084591,,,,,20.06760284,-97.04776104,local,denue-2026-05,30102811491000151100000000U9,Cerrajerías,0 a 5 personas,2019-11
Cerrajería M & N,oficios,🔩 Oficios y servicios del hogar,🔩,Cerrajería en el centro de Martínez de la Torre.,"Av. Maximino Ávila Camacho 800, Centro, 93600 Martínez de la Torre, Ver.",2321124055,,,,,20.06477405,-97.04964611,local,denue-2026-05,30102811491000141000000000U0,Cerrajerías,0 a 5 personas,2019-11
Cerrajería Monki,oficios,🔩 Oficios y servicios del hogar,🔩,"Cerrajería en la colonia Vista Hermosa, Martínez de la Torre.","Blvd. Magistral s/n (entre 16 de Julio y Prol. Benito Juárez Garcia), Col. Vista Hermosa, 93608 Martínez de la Torre, Ver.",2321410651,,,,,20.0762412,-97.07275906,local,denue-2026-05,30102811491000171000000000U7,Cerrajerías,0 a 5 personas,2024-11
Cerrajería Nuñez,oficios,🔩 Oficios y servicios del hogar,🔩,"Cerrajería en la colonia Constitución, Martínez de la Torre.","Av. Melchor Ocampo 801, Col. Constitución, 93600 Martínez de la Torre, Ver.",2321209667,,,,,20.05945896,-97.06127383,local,denue-2026-05,30102811491000131000000000U1,Cerrajerías,0 a 5 personas,2014-12
Cerrajería Tony,oficios,🔩 Oficios y servicios del hogar,🔩,Cerrajería en el centro de Martínez de la Torre.,"Av. General Ignacio Zaragoza 306B, Centro, 93600 Martínez de la Torre, Ver.",2321103895,,,,,20.06431395,-97.05408873,local,denue-2026-05,30102811491000051000000000U1,Cerrajerías,0 a 5 personas,2010-07
Climatizacion Templer-frio,oficios,🔩 Oficios y servicios del hogar,🔩,"Instalaciones eléctricas, de plomería o aire acondicionado en la colonia Benito Juárez, Martínez de la Torre.","2 de Octubre 301B, Col. Benito Juárez, 93606 Martínez de la Torre, Ver.",2321255829,,,,,20.07188687,-97.03662493,local,denue-2026-05,30102238222000032000000000U5,Instalaciones de sistemas centrales de aire acondicionado y calefacción,6 a 10 personas,2024-11
Cortinas de Acero y Estructuras Metálicas Capetillo,oficios,🔩 Oficios y servicios del hogar,🔩,"Estructuras metálicas en la colonia Yucatan, Martínez de la Torre.","Blvd. Luis Donaldo Colosio Carretera Martínez Tlapacoyan 2, Col. Yucatan, 93607 Martínez de la Torre, Ver.",2321098013,,,,,20.05990963,-97.06847353,local,denue-2026-05,30102332320000961010000000U2,Fabricación de estructuras metálicas,0 a 5 personas,2014-12
Crediland,oficios,🔩 Oficios y servicios del hogar,🔩,Mueblería en el centro de Martínez de la Torre.,"Maximino Ávila Camacho 400, Centro, 93600 Martínez de la Torre, Ver.",2281080829,,,,https://www.crediland.com.mx,20.06424232,-97.05044774,local,denue-2026-05,30102466112000113012012307S9,Comercio al por menor de muebles para el hogar,0 a 5 personas,2010-07
Cubreacientos y Tapicería Medina,oficios,🔩 Oficios y servicios del hogar,🔩,"Tapicería de muebles en la colonia Ejidal, Martínez de la Torre.","Manuel Ávila Camacho s/n (entre Adolfo López Mateos y Antonio Soto y Gama), Col. Ejidal, 93606 Martínez de la Torre, Ver.",2321332568,,,,,20.07417969,-97.03832752,local,denue-2026-05,30102811420000211000000000U0,Reparación de tapicería de muebles para el hogar,0 a 5 personas,2019-11
Ferretería Veca Ferre,oficios,🔩 Oficios y servicios del hogar,🔩,Venta de electrodomésticos en el centro de Martínez de la Torre.,"Av. General Ignacio Zaragoza s/n (entre Mariano Abasolo y Ignacio Allende), Centro, 93600 Martínez de la Torre, Ver.",2323730532,,,,,20.06275483,-97.05713615,local,denue-2026-05,30102466112000041002000000U2,Comercio al por menor de electrodomésticos menores y aparatos de línea blanca,0 a 5 personas,2026-04
Herrería Evaristo Villa Murrieta,oficios,🔩 Oficios y servicios del hogar,🔩,"Herrería en la colonia Costa Esmeralda, Martínez de la Torre.","12 de Octubre s/n (entre Av. Fidel Herrera Beltran y 10 de Mayo), Col. Costa Esmeralda, 93608 Martínez de la Torre, Ver.",2321253012,,,,,20.0770691,-97.08218338,local,denue-2026-05,30102461110012961110000000U6,Fabricación de productos de herrería,0 a 5 personas,2020-11
Herrería Hierromania,oficios,🔩 Oficios y servicios del hogar,🔩,"Herrería en la colonia Melchor Ocampo, Martínez de la Torre.","Prol. Miguel Hidalgo y Costilla 127, Col. Melchor Ocampo, 93603 Martínez de la Torre, Ver.",2321169211,,,,,20.06667148,-97.05826544,local,denue-2026-05,30102332320001621000000000U1,Fabricación de productos de herrería,0 a 5 personas,2024-11
Herrería de Aluminio,oficios,🔩 Oficios y servicios del hogar,🔩,"Herrería en la colonia Saltillo, Martínez de la Torre.","Nuevo Leon s/n (entre Cedro y Jobo), Col. Saltillo, 93605 Martínez de la Torre, Ver.",2321013072,,,,,20.08019682,-97.03020397,local,denue-2026-05,30102332320001681000000000U5,Fabricación de productos de herrería,0 a 5 personas,2024-11
Lavandería Aqua Blue,oficios,🔩 Oficios y servicios del hogar,🔩,"Lavandería y tintorería en la colonia Ejidal, Martínez de la Torre.","Adolfo López Mateos 300B, Col. Ejidal, 93600 Martínez de la Torre, Ver.",2321109149,,,,,20.06757583,-97.0477805,local,denue-2026-05,30102812210000271000000000U8,Lavanderías y tintorerías,0 a 5 personas,2014-12
Lavandería Burbuxpress,oficios,🔩 Oficios y servicios del hogar,🔩,"Lavandería y tintorería en la colonia Ampliación las Lomas, Martínez de la Torre.","Prol. Nobleza s/n (entre Virtud y Felipe Angeles), Col. Ampliación las Lomas, 93603 Martínez de la Torre, Ver.",2321142200,,,,,20.0816793,-97.06293805,local,denue-2026-05,30102812210000891000000000U3,Lavanderías y tintorerías,0 a 5 personas,2024-11
Lavandería Fabys,oficios,🔩 Oficios y servicios del hogar,🔩,"Lavandería y tintorería en la colonia Luis Donaldo Colosio, Martínez de la Torre.","Pedro Manterola Rojas s/n, Col. Luis Donaldo Colosio, 93608 Martínez de la Torre, Ver.",2321348260,,,,,20.07331175,-97.07698377,local,denue-2026-05,30102812210000801000000000U2,Lavanderías y tintorerías,0 a 5 personas,2024-11
Lavandería Lausher,oficios,🔩 Oficios y servicios del hogar,🔩,"Lavandería y tintorería en la colonia Constitución, Martínez de la Torre.","Enrique Lausher 408, Col. Constitución, 93600 Martínez de la Torre, Ver.",2321566208,,,,,20.06200499,-97.06123767,local,denue-2026-05,30102812210000221000000000U3,Lavanderías y tintorerías,0 a 5 personas,2010-07
Lavandería Libertad,oficios,🔩 Oficios y servicios del hogar,🔩,"Lavandería y tintorería en la colonia Libertad, Martínez de la Torre.","12 de Septiembre s/n (entre Av. Central y Av. Parcialidad), Col. Libertad, 93603 Martínez de la Torre, Ver.",2323295137,,,,,20.07868332,-97.05980999,local,denue-2026-05,30102517910000051112000000U7,Lavanderías y tintorerías,0 a 5 personas,2014-12
Lavandería Lucaza,oficios,🔩 Oficios y servicios del hogar,🔩,Lavandería y tintorería en el centro de Martínez de la Torre.,"Mariano Abasolo 403, Centro, 93600 Martínez de la Torre, Ver.",2321573752,,,,,20.06195954,-97.05753185,local,denue-2026-05,30102812210000911000000000U9,Lavanderías y tintorerías,0 a 5 personas,2024-11
Lavandería Lula,oficios,🔩 Oficios y servicios del hogar,🔩,"Lavandería y tintorería en la colonia Tlatelolco, Martínez de la Torre.","Niños Héroes s/n (entre Justo Sierra y Sor Juana Inés de la Cruz), Col. Tlatelolco, 93603 Martínez de la Torre, Ver.",2321531939,,,,,20.07083198,-97.05102707,local,denue-2026-05,30102812210000241000000000U1,Lavanderías y tintorerías,0 a 5 personas,2010-07
Lavandería Master Clean Express,oficios,🔩 Oficios y servicios del hogar,🔩,"Lavandería y tintorería en la colonia Adolfo Ruíz Cortines, Martínez de la Torre.","Emiliano Zapata 213, Col. Adolfo Ruíz Cortines, 93607 Martínez de la Torre, Ver.",2323226105,,,,,20.06805932,-97.06363674,local,denue-2026-05,30102812210000831000000000U9,Lavanderías y tintorerías,0 a 5 personas,2024-11
Lavandería San Juan,oficios,🔩 Oficios y servicios del hogar,🔩,"Lavandería y tintorería en la colonia Melchor Ocampo, Martínez de la Torre.","Prol. Miguel Hidalgo y Costilla 25A, Col. Melchor Ocampo, 93603 Martínez de la Torre, Ver.",2293379153,,,,,20.0649325,-97.05718362,local,denue-2026-05,30102812210000691000000000U7,Lavanderías y tintorerías,0 a 5 personas,2019-11
Lavandería el Arbol,oficios,🔩 Oficios y servicios del hogar,🔩,Lavandería y tintorería en el centro de Martínez de la Torre.,"Francisco Javier Mina 23A, Centro, 93600 Martínez de la Torre, Ver.",2321575688,,,,,20.06476959,-97.05282618,local,denue-2026-05,30102812210000611000000000U5,Lavanderías y tintorerías,0 a 5 personas,2019-11
Lavandería y Planchaduria la Bola,oficios,🔩 Oficios y servicios del hogar,🔩,"Lavandería y tintorería en la colonia Tlatelolco, Martínez de la Torre.","Av. Tenoch s/n (entre Tepeyac y Xochiquetzal), Col. Tlatelolco, 93603 Martínez de la Torre, Ver.",2321382616,,,,,20.07464176,-97.05325665,local,denue-2026-05,30102812210000541000000000U4,Lavanderías y tintorerías,0 a 5 personas,2019-11
Montepio Reina (martinez de la Torre),oficios,🔩 Oficios y servicios del hogar,🔩,Mueblería en el centro de Martínez de la Torre.,"Av. Melchor Ocampo 522, Centro, 93600 Martínez de la Torre, Ver.",2321105384,,,,,20.06423147,-97.05232201,local,denue-2026-05,30211522451000011110061216M8,Comercio al por menor de muebles para el hogar,0 a 5 personas,2010-07
Mueblería Baratero de México,oficios,🔩 Oficios y servicios del hogar,🔩,Mueblería en el centro de Martínez de la Torre.,"Av. Melchor Ocampo 420, Centro, 93600 Martínez de la Torre, Ver.",2281065575,,,,,20.06404182,-97.05266902,local,denue-2026-05,30102466111000411000000000U9,Comercio al por menor de muebles para el hogar,0 a 5 personas,2025-04
Muebles Rusticos San José,oficios,🔩 Oficios y servicios del hogar,🔩,Mueblería en el centro de Martínez de la Torre.,"José María Morelos y Pavon 204, Centro, 93600 Martínez de la Torre, Ver.",2414200923,,,,,20.06173544,-97.05407894,local,denue-2026-05,30102466111000211000000000U3,Comercio al por menor de muebles para el hogar,0 a 5 personas,2010-07
Oficinas Administrativas (montepio Reina),oficios,🔩 Oficios y servicios del hogar,🔩,"Mueblería en la colonia Melchor Ocampo, Martínez de la Torre.","Miguel Hidalgo y Costilla 124, Col. Melchor Ocampo, 93610 Martínez de la Torre, Ver.",2321105384,,,,,20.06070654,-97.05449358,local,denue-2026-05,30102466111000391000061216S3,Comercio al por menor de muebles para el hogar,0 a 5 personas,2025-04
Productos de Limpieza Mister Clean,oficios,🔩 Oficios y servicios del hogar,🔩,"Venta de artículos de limpieza en la colonia Costa Esmeralda, Martínez de la Torre.","Blvd. Patricio Chirinos Calero 1231, Col. Costa Esmeralda, 93608 Martínez de la Torre, Ver.",2321023816,,,,,20.07704027,-97.07888363,local,denue-2026-05,30102467115000391000000000U3,Comercio al por menor de artículos para la limpieza,0 a 5 personas,2024-11
Productos de Limpieza la Espuma,oficios,🔩 Oficios y servicios del hogar,🔩,"Venta de artículos de limpieza en la colonia Vicente Guerrero, Martínez de la Torre.","Carr. Libramiento Martínez de la Torre Tlapacoyan s/n (entre Prol. Ignacio Allende y Blvd. Alfinio Flores Beltran), Col. Vicente Guerrero, 93603 Martínez de la Torre, Ver.",2321168183,,,,,20.07342316,-97.06386584,local,denue-2026-05,30102467115000151000000000U1,Comercio al por menor de artículos para la limpieza,0 a 5 personas,2019-11
Refaccionaría del Centro,oficios,🔩 Oficios y servicios del hogar,🔩,"Venta de electrodomésticos en la colonia Melchor Ocampo, Martínez de la Torre.","Av. 5 de Febrero 11, Col. Melchor Ocampo, 93603 Martínez de la Torre, Ver.",2321484828,,,,,20.0644999,-97.05771739,local,denue-2026-05,30102466112000241000000000U8,Comercio al por menor de electrodomésticos menores y aparatos de línea blanca,0 a 5 personas,2024-11
Refacciones Electrodomésticos Rendon,oficios,🔩 Oficios y servicios del hogar,🔩,Venta de electrodomésticos en el centro de Martínez de la Torre.,"Mariano Matamoros 301D, Centro, 93600 Martínez de la Torre, Ver.",2321474084,,,,,20.06334459,-97.05303918,local,denue-2026-05,30102466112000051000000000U1,Comercio al por menor de electrodomésticos menores y aparatos de línea blanca,0 a 5 personas,2010-07
Regesa,oficios,🔩 Oficios y servicios del hogar,🔩,Venta de electrodomésticos en el centro de Martínez de la Torre.,"Av. 5 de Febrero 200, Centro, 93600 Martínez de la Torre, Ver.",2321345330,,,,,20.06523195,-97.05617013,local,denue-2026-05,30102811199000092011000000U4,Comercio al por menor de electrodomésticos menores y aparatos de línea blanca,0 a 5 personas,2014-12
Renovadora de Calzado Fernández,oficios,🔩 Oficios y servicios del hogar,🔩,"Reparación de calzado en la colonia Cuauhtémoc, Martínez de la Torre.","16 de Septiembre 205, Col. Cuauhtémoc, 93608 Martínez de la Torre, Ver.",2321533483,,,,,20.07231375,-97.06508393,local,denue-2026-05,30102811430000151000000000U7,Reparación de calzado y otros artículos de piel y cuero,0 a 5 personas,2010-07
Reparación de Alahajas Zafiro,oficios,🔩 Oficios y servicios del hogar,🔩,Reparación de artículos para el hogar en el centro de Martínez de la Torre.,"Av. Pedro Belli 206, Centro, 93600 Martínez de la Torre, Ver.",2321152940,,,,,20.06155695,-97.05354617,local,denue-2026-05,30102811499000121000000000U5,Reparación y mantenimiento de otros artículos para el hogar y personales,0 a 5 personas,2010-07
Reparación de Alajas y Relojes Mickey,oficios,🔩 Oficios y servicios del hogar,🔩,Reparación de artículos para el hogar en el centro de Martínez de la Torre.,"Av. Ignacio de la Llave 114, Centro, 93600 Martínez de la Torre, Ver.",2323795320,,,,,20.06434673,-97.05590265,local,denue-2026-05,30102811499000141000000000U3,Reparación y mantenimiento de otros artículos para el hogar y personales,0 a 5 personas,2010-07
Reparación de Alhajas Pedrito,oficios,🔩 Oficios y servicios del hogar,🔩,Reparación de artículos para el hogar en el centro de Martínez de la Torre.,"Av. Ignacio de la Llave 204, Centro, 93600 Martínez de la Torre, Ver.",2321472486,,,,,20.06456129,-97.05550534,local,denue-2026-05,30102811499000101000000000U7,Reparación y mantenimiento de otros artículos para el hogar y personales,0 a 5 personas,2010-07
Servicio de Zapatería la China,oficios,🔩 Oficios y servicios del hogar,🔩,"Reparación de calzado en la colonia Benito Juárez, Martínez de la Torre.","Manuel Ávila Camacho s/n (entre Salvador Allende y Santiago de la Hoz), Col. Benito Juárez, 93606 Martínez de la Torre, Ver.",2321081366,,,,,20.07318627,-97.03739418,local,denue-2026-05,30102811430000551000000000U8,Reparación de calzado y otros artículos de piel y cuero,0 a 5 personas,2024-11
Taller de Carpintería Escandon,oficios,🔩 Oficios y servicios del hogar,🔩,"Fabricación de muebles en la colonia Ejidal, Martínez de la Torre.","Santiago de la Hoz 506C, Col. Ejidal, 93606 Martínez de la Torre, Ver.",2321006745,,,,,20.07034086,-97.04181707,local,denue-2026-05,30102337120000071000000000U9,"Fabricación de muebles, excepto cocinas integrales, muebles modulares de baño y muebles de oficina y estantería",0 a 5 personas,2010-07
Taller de Carpintería Gpe Construcción y Acabados en Madera,oficios,🔩 Oficios y servicios del hogar,🔩,"Fabricación de muebles en la colonia Melchor Ocampo, Martínez de la Torre.","General Joaquín Herrera 113, Col. Melchor Ocampo, 93603 Martínez de la Torre, Ver.",2283245709,,,,,20.06993978,-97.06146609,local,denue-2026-05,30102337120000491001000000U9,"Fabricación de muebles, excepto cocinas integrales, muebles modulares de baño y muebles de oficina y estantería",6 a 10 personas,2010-07
Taller de Herrería Barrientos,oficios,🔩 Oficios y servicios del hogar,🔩,"Herrería en la colonia Jardines Plaza Verde, Martínez de la Torre.","Av. Xochicalco 121, Col. Jardines Plaza Verde, 93603 Martínez de la Torre, Ver.",2321100230,,,,,20.07297858,-97.05566887,local,denue-2026-05,30102332320000941000000000U4,Fabricación de productos de herrería,0 a 5 personas,2014-12
Taller de Herrería Erick,oficios,🔩 Oficios y servicios del hogar,🔩,Herrería en el centro de Martínez de la Torre.,"Av. General Ignacio Zaragoza 405, Centro, 93600 Martínez de la Torre, Ver.",2321343283,,,,,20.06476171,-97.05343708,local,denue-2026-05,30102332320000761000000000U6,Fabricación de productos de herrería,0 a 5 personas,2010-07
Taller de Herrería Mendoza,oficios,🔩 Oficios y servicios del hogar,🔩,"Herrería en la colonia Los Reyes, Martínez de la Torre.","Av. Villahermosa 122, Col. Los Reyes, 93603 Martínez de la Torre, Ver.",2321042361,,,,,20.07634006,-97.06439181,local,denue-2026-05,30102332320001041000000000U2,Fabricación de productos de herrería,0 a 5 personas,2014-12
Taller de Herrería Sánchez,oficios,🔩 Oficios y servicios del hogar,🔩,"Herrería en la colonia Luis Donaldo Colosio, Martínez de la Torre.","23 de Marzo s/n (entre C. F. y Jaime Cisneros), Col. Luis Donaldo Colosio, 93608 Martínez de la Torre, Ver.",2321410826,,,,,20.07134227,-97.07663403,local,denue-2026-05,30102332320000501000000000U6,Fabricación de productos de herrería,0 a 5 personas,2010-07
Taller de Herrería Yasel,oficios,🔩 Oficios y servicios del hogar,🔩,"Herrería en la colonia Heberto Castillo, Martínez de la Torre.","Liberacion s/n (entre 6 de Febrero y Raudal), Col. Heberto Castillo, 93608 Martínez de la Torre, Ver.",2323297317,,,,,20.07286806,-97.07194084,local,denue-2026-05,30102332320001251000000000U7,Fabricación de productos de herrería,0 a 5 personas,2019-11
Taller de Refrigeracion Domestica,oficios,🔩 Oficios y servicios del hogar,🔩,"Reparación de aparatos eléctricos y electrodomésticos en la colonia Linda Vista, Martínez de la Torre.","Licenciado Rafael Martínez de la Torre s/n (entre Independencia y Solidaridad), Col. Linda Vista, 93604 Martínez de la Torre, Ver.",2321466344,,,,,20.07334298,-97.04682394,local,denue-2026-05,30102811410000361000000000U4,Reparación y mantenimiento de aparatos eléctricos para el hogar y personales,0 a 5 personas,2024-11
Taller de Soldadura y Herrería Sánchez,oficios,🔩 Oficios y servicios del hogar,🔩,"Herrería en la colonia Melchor Ocampo, Martínez de la Torre.","General Leandro Valle 419, Col. Melchor Ocampo, 93603 Martínez de la Torre, Ver.",2321203772,,,,,20.071692,-97.06071962,local,denue-2026-05,30102332320001071000000000U9,Fabricación de productos de herrería,0 a 5 personas,2014-12
Taller de Tapicería Jorge,oficios,🔩 Oficios y servicios del hogar,🔩,Tapicería de muebles en el centro de Martínez de la Torre.,"Av. Ignacio de la Llave 408, Centro, 93600 Martínez de la Torre, Ver.",2321157381,,,,,20.06710194,-97.05082876,local,denue-2026-05,30102811420000221000000000U9,Reparación de tapicería de muebles para el hogar,0 a 5 personas,2019-11
Taller de Tarimas Hph,oficios,🔩 Oficios y servicios del hogar,🔩,"Fabricación de productos de madera en la colonia San Manuel, Martínez de la Torre.","Carr. Libramiento Martínez de la Torre Tlapacoyan s/n, Col. San Manuel, 93604 Martínez de la Torre, Ver.",2321902776,,,,,20.08007599,-97.03982807,local,denue-2026-05,30102321920000042001000000U1,Fabricación de productos para embalaje y envases de madera,11 a 30 personas,2019-11
Taller la Maravilla,oficios,🔩 Oficios y servicios del hogar,🔩,Reparación de aparatos eléctricos y electrodomésticos en el centro de Martínez de la Torre.,"Av. 5 de Febrero 307, Centro, 93600 Martínez de la Torre, Ver.",2321256062,,,,,20.06368223,-97.05903445,local,denue-2026-05,30102811410000111000000000U3,Reparación y mantenimiento de aparatos eléctricos para el hogar y personales,0 a 5 personas,2010-07
Tapicería Mir Deco,oficios,🔩 Oficios y servicios del hogar,🔩,"Tapicería de muebles en la colonia Melchor Ocampo, Martínez de la Torre.","Prol. Miguel Hidalgo y Costilla 135, Col. Melchor Ocampo, 93603 Martínez de la Torre, Ver.",2321345964,,,,,20.06800287,-97.05905309,local,denue-2026-05,30102466311000011000000000U3,Reparación de tapicería de muebles para el hogar,0 a 5 personas,2012-06
Tapicería en General Gys,oficios,🔩 Oficios y servicios del hogar,🔩,"Tapicería de muebles en la colonia Ejidal, Martínez de la Torre.","2 de Octubre s/n (entre Lucio Blanco y Candido Aguilar), Col. Ejidal, 93606 Martínez de la Torre, Ver.",2321172461,,,,,20.06935916,-97.04007719,local,denue-2026-05,30102811420000161000000000U7,Reparación de tapicería de muebles para el hogar,0 a 5 personas,2014-12
Tienda de Distribución Tupperware,oficios,🔩 Oficios y servicios del hogar,🔩,Venta de cristalería y artículos para cocina en el centro de Martínez de la Torre.,"Av. General Ignacio Zaragoza 302, Centro, 93600 Martínez de la Torre, Ver.",2251031645,,,,,20.06423905,-97.05423102,local,denue-2026-05,30102466114000181000000000U2,"Comercio al por menor de cristalería, loza y utensilios de cocina",0 a 5 personas,2024-11
Tintoreria el Niño,oficios,🔩 Oficios y servicios del hogar,🔩,Lavandería y tintorería en el centro de Martínez de la Torre.,"Av. Pedro Belli 424, Centro, 93600 Martínez de la Torre, Ver.",2323228147,,,,,20.06266196,-97.05169799,local,denue-2026-05,30102812210000201000000000U5,Lavanderías y tintorerías,0 a 5 personas,2010-07
Venta de Cocinas Surtidor al Mayoreo,oficios,🔩 Oficios y servicios del hogar,🔩,"Mueblería en la colonia Guadalupe Victoria, Martínez de la Torre.","Blvd. Carlos Salinas de Gortari Rafael Martínez de la Torre s/n (entre Av. 5 de Febrero y Nogales), Col. Guadalupe Victoria, 93603 Martínez de la Torre, Ver.",2323732219,,,,https://www.surtidoralmayoreo.com,20.07062936,-97.04623177,local,denue-2026-05,30102466111000341000000000U8,Comercio al por menor de muebles para el hogar,0 a 5 personas,2024-11
Venta de Cuadros de Pinturas Galerias Davalos,oficios,🔩 Oficios y servicios del hogar,🔩,Artículos de decoración para el hogar en el centro de Martínez de la Torre.,"Av. Maximino Ávila Camacho 110, Pasaje San Francisco local 4, Centro, 93600 Martínez de la Torre, Ver.",2321425555,,,,,20.06156554,-97.05562621,local,denue-2026-05,30102466319000121000000000U3,Comercio al por menor de otros artículos para la decoración de interiores,0 a 5 personas,2019-11
Venta de Figuras de Foami Foamimundo,oficios,🔩 Oficios y servicios del hogar,🔩,Artículos de decoración para el hogar en el centro de Martínez de la Torre.,"Av. Melchor Ocampo 306B, Centro, 93600 Martínez de la Torre, Ver.",2321388313,,,,,20.06151291,-97.05760628,local,denue-2026-05,30102466319000131000000000U2,Comercio al por menor de otros artículos para la decoración de interiores,0 a 5 personas,2019-11
Venta de Muebles Eco Muebles Danny,oficios,🔩 Oficios y servicios del hogar,🔩,"Mueblería en la colonia Melchor Ocampo, Martínez de la Torre.","Blvd. Alfinio Flores Beltran 692, Col. Melchor Ocampo, 93603 Martínez de la Torre, Ver.",2321149865,,,,,20.07082623,-97.06304155,local,denue-2026-05,30102466111000081000000000U0,Comercio al por menor de muebles para el hogar,0 a 5 personas,2010-07
Venta de Productos de Limpieza Psg,oficios,🔩 Oficios y servicios del hogar,🔩,Venta de artículos de limpieza en el centro de Martínez de la Torre.,"Nicolás Bravo 404, Centro, 93600 Martínez de la Torre, Ver.",2321100776,,,,,20.06154707,-97.05825263,local,denue-2026-05,30102467115000491000000000U1,Comercio al por menor de artículos para la limpieza,0 a 5 personas,2025-04
Venta de Productos de Limpieza Ramval,oficios,🔩 Oficios y servicios del hogar,🔩,"Venta de artículos de limpieza en la colonia Ejidal, Martínez de la Torre.","Adolfo López Mateos 715A, Col. Ejidal, 93600 Martínez de la Torre, Ver.",2284112264,,,,,20.07010752,-97.04521502,local,denue-2026-05,30102467115000231000000000U1,Comercio al por menor de artículos para la limpieza,0 a 5 personas,2024-11
Venta de Productos de Limpieza los Hidalguenses,oficios,🔩 Oficios y servicios del hogar,🔩,"Venta de artículos de limpieza en la colonia Ejidal, Martínez de la Torre.","Adolfo López Mateos s/n (entre Plan de Ayala y Lázaro Cárdenas), Col. Ejidal, 93600 Martínez de la Torre, Ver.",2323294389,,,,,20.06786828,-97.0475683,local,denue-2026-05,30102467115000251000000000U9,Comercio al por menor de artículos para la limpieza,0 a 5 personas,2024-11
Venta de Puertas A&h,oficios,🔩 Oficios y servicios del hogar,🔩,"Herrería en la colonia Cuauhtémoc, Martínez de la Torre.","Blvd. Alfinio Flores Beltran 1003, Col. Cuauhtémoc, 93608 Martínez de la Torre, Ver.",2321483761,,,,,20.07187641,-97.06386013,local,denue-2026-05,30102332320000801000000000U0,Fabricación de productos de herrería,0 a 5 personas,2014-12
Fabrica de Pasteles Paraíso,panaderias,🥐 Panaderías,🥐,Panadería en el centro de Martínez de la Torre.,"José María Morelos y Pavon 506C, Centro, 93600 Martínez de la Torre, Ver.",2321292623,,,,,20.06422645,-97.05556823,local,denue-2026-05,30102311812000812000000000U8,Panificación tradicional,6 a 10 personas,2019-11
Mi Postrecito,panaderias,🥐 Panaderías,🥐,"Panadería en la colonia Rodríguez Cano, Martínez de la Torre.","Miguel Hidalgo y Costilla s/n (entre Priv. José María Morelos y Pavon y José María Morelos y Pavon), Col. Rodríguez Cano, 93608 Martínez de la Torre, Ver.",2321982653,,,,,20.07378622,-97.0670106,local,denue-2026-05,30102311812001051000000000U2,Panificación tradicional,0 a 5 personas,2024-11
Panadería Checos,panaderias,🥐 Panaderías,🥐,"Panadería en la colonia Vista Hermosa, Martínez de la Torre.","Blvd. Magistral s/n (entre Niños Héroes y Ingeniero Jesús de la Torre Sánchez), Col. Vista Hermosa, 93608 Martínez de la Torre, Ver.",2321452432,,,,,20.07763514,-97.07048005,local,denue-2026-05,30102311812000821000000000U9,Panificación tradicional,0 a 5 personas,2019-11
Panadería Pan Chino,panaderias,🥐 Panaderías,🥐,Panadería en el centro de Martínez de la Torre.,"Francisco Javier Mina 401, Centro, 93600 Martínez de la Torre, Ver.",2321746041,,,,,20.06452251,-97.05267694,local,denue-2026-05,30102311812000481000000000U2,Panificación tradicional,0 a 5 personas,2010-07
Panadería el Buen Gusto,panaderias,🥐 Panaderías,🥐,"Panadería en la colonia Ejidal, Martínez de la Torre.","Adolfo López Mateos 702, Col. Ejidal, 93606 Martínez de la Torre, Ver.",2321552542,,,,,20.06975299,-97.04553345,local,denue-2026-05,30102311812000751000000000U8,Panificación tradicional,0 a 5 personas,2019-11
Panadería el Imperial,panaderias,🥐 Panaderías,🥐,"Panadería en la colonia Colosio, Martínez de la Torre.","Blvd. Patricio Chirinos Calero 304A, Col. Colosio, 93608 Martínez de la Torre, Ver.",2321057054,,,,,20.07299324,-97.07603377,local,denue-2026-05,30102311812000602001000000U3,Panificación tradicional,0 a 5 personas,2014-12
Panificadora Martínez,panaderias,🥐 Panaderías,🥐,Panadería en el centro de Martínez de la Torre.,"Ignacio Allende 12, Centro, 93600 Martínez de la Torre, Ver.",2323241456,,,,,20.06193382,-97.05632116,local,denue-2026-05,30102311812000643001000000U7,Panificación tradicional,6 a 10 personas,2014-12
Panificadora Panchos Pan,panaderias,🥐 Panaderías,🥐,Panadería en el centro de Martínez de la Torre.,"Av. Melchor Ocampo 300, Centro, 93600 Martínez de la Torre, Ver.",2323240241,,,,,20.06336365,-97.05396792,local,denue-2026-05,30102311812000423001000000U4,Panificación tradicional,6 a 10 personas,2010-07
Panificadora Paraíso,panaderias,🥐 Panaderías,🥐,Panadería en el centro de Martínez de la Torre.,"José María Morelos y Pavon 417, Centro, 93600 Martínez de la Torre, Ver.",2323245434,,,,,20.0633786,-97.05516754,local,denue-2026-05,30102311812000362002000000U4,Panificación tradicional,11 a 30 personas,2010-07
Pastelerías Artisticas y Exoticas Mana,panaderias,🥐 Panaderías,🥐,Panadería en el centro de Martínez de la Torre.,"Av. Pedro Belli 302, Centro, 93600 Martínez de la Torre, Ver.",2321165866,,,,,20.0619221,-97.05284049,local,denue-2026-05,30102311812000311000000000U1,Panificación tradicional,0 a 5 personas,2010-07
Tortillería la Integral,panaderias,🥐 Panaderías,🥐,Panadería en el centro de Martínez de la Torre.,"Av. Melchor Ocampo 310, Centro, 93600 Martínez de la Torre, Ver.",2321477532,,,,,20.06146441,-97.05769638,local,denue-2026-05,30102311813000011100000000U5,Elaboración de tortillas de harina de trigo de forma tradicional,0 a 5 personas,2019-11
Artesanias Robles,papelerias,📚 Papelerías y regalos,📚,Venta de artículos desechables en el centro de Martínez de la Torre.,"José María Morelos y Pavon 611, Centro, 93600 Martínez de la Torre, Ver.",2321480808,,,,,20.06495034,-97.05611055,local,denue-2026-05,30102465915000231000000000U6,Comercio al por menor en tiendas de artesanías,0 a 5 personas,2024-11
Ciber Cibertareas,papelerias,📚 Papelerías y regalos,📚,"Papelería en la colonia Tlatelolco, Martínez de la Torre.","Av. Tenoch s/n (entre Xochiquetzal y Teocalli), Col. Tlatelolco, 93603 Martínez de la Torre, Ver.",2321714084,,,,,20.07486736,-97.05320739,local,denue-2026-05,30102465311001871000000000U0,Comercio al por menor de artículos de papelería,0 a 5 personas,2024-11
Copias Mon-ji,papelerias,📚 Papelerías y regalos,📚,Copias e impresiones en el centro de Martínez de la Torre.,"Vicente Guerrero 400, Centro, 93600 Martínez de la Torre, Ver.",2321059481,,,,,20.06347699,-97.05405257,local,denue-2026-05,30102561431000171000000000U5,"Servicios de fotocopiado, fax y afines",0 a 5 personas,2010-07
Copy Mundo,papelerias,📚 Papelerías y regalos,📚,"Papelería en la colonia Melchor Ocampo, Martínez de la Torre.","Blvd. Alfinio Flores Beltran 408, Col. Melchor Ocampo, 93603 Martínez de la Torre, Ver.",2321174303,,,,,20.07032621,-97.06272342,local,denue-2026-05,30102465311000541000000000U0,Comercio al por menor de artículos de papelería,0 a 5 personas,2010-07
Diseño e Impresión Digital Graphical Design,papelerias,📚 Papelerías y regalos,📚,"Imprenta en la colonia Tlatelolco, Martínez de la Torre.","Niño Artillero s/n (entre Adolfo Ruíz Cortines y 4 de Marzo), Col. Tlatelolco, 93604 Martínez de la Torre, Ver.",2321330034,,,,,20.07289308,-97.05026191,local,denue-2026-05,30102323119000201000000000U0,Impresión de formas continuas y otros impresos,0 a 5 personas,2019-11
Diseño y Publicidad Four Less,papelerias,📚 Papelerías y regalos,📚,Imprenta en el centro de Martínez de la Torre.,"Av. Pedro Belli 600, Centro, 93600 Martínez de la Torre, Ver.",2321108970,,,,,20.06341525,-97.05075287,local,denue-2026-05,30102323119000251000000000U5,Impresión de formas continuas y otros impresos,0 a 5 personas,2024-11
Erikids Artículos para Fiesta,papelerias,📚 Papelerías y regalos,📚,Tienda de regalos en el centro de Martínez de la Torre.,"Av. Ignacio de la Llave 115, Centro, 93600 Martínez de la Torre, Ver.",2323220460,,,,,20.06446777,-97.05586632,local,denue-2026-05,30102465912001961000000000U4,Comercio al por menor de regalos,0 a 5 personas,2024-11
Escritorio Público y Servicio de Fotocopiado,papelerias,📚 Papelerías y regalos,📚,Copias e impresiones en el centro de Martínez de la Torre.,"Av. Pedro Belli 204, Centro, 93600 Martínez de la Torre, Ver.",2321331930,,,,,20.06052616,-97.05563781,local,denue-2026-05,30102561431000121000000000U0,"Servicios de fotocopiado, fax y afines",0 a 5 personas,2010-07
Fire Shoes,papelerias,📚 Papelerías y regalos,📚,Venta de artículos deportivos en el centro de Martínez de la Torre.,"Mariano Matamoros 206B, Centro, 93600 Martínez de la Torre, Ver.",2321095360,,,,,20.06280629,-97.05259402,local,denue-2026-05,30102465215000291000000000U5,Comercio al por menor de artículos y aparatos deportivos,0 a 5 personas,2024-11
Imaginarte Bordados,papelerias,📚 Papelerías y regalos,📚,Imprenta en el centro de Martínez de la Torre.,"Av. Ignacio de la Llave 200, Centro, 93600 Martínez de la Torre, Ver.",2321170506,,,,https://www.imaginartebordados.com,20.06448643,-97.05564397,local,denue-2026-05,30102323119000241000000000U6,Impresión de formas continuas y otros impresos,0 a 5 personas,2024-11
Imprenta Libertad,papelerias,📚 Papelerías y regalos,📚,"Imprenta en la colonia Melchor Ocampo, Martínez de la Torre.","Ramón Corona 120, Col. Melchor Ocampo, 93603 Martínez de la Torre, Ver.",2323241384,,,,,20.07120587,-97.06287642,local,denue-2026-05,30102323119000011000000000U3,Impresión de formas continuas y otros impresos,0 a 5 personas,2010-07
Impresiones Díaz,papelerias,📚 Papelerías y regalos,📚,Imprenta en el centro de Martínez de la Torre.,"Av. Pedro Belli 312A, Centro, 93600 Martínez de la Torre, Ver.",2321132977,,,,,20.06215648,-97.05244046,local,denue-2026-05,30102323119000261000000000U4,Impresión de formas continuas y otros impresos,0 a 5 personas,2024-11
Impresiones y Serigrafia Azul Magenta,papelerias,📚 Papelerías y regalos,📚,Imprenta en el centro de Martínez de la Torre.,"Av. Maximino Ávila Camacho 504A, Centro, 93600 Martínez de la Torre, Ver.",2323241888,,,,,20.06365765,-97.05150127,local,denue-2026-05,30102561432000591020000000U2,Impresión de formas continuas y otros impresos,0 a 5 personas,2010-07
Impresos Martínez,papelerias,📚 Papelerías y regalos,📚,Imprenta en el centro de Martínez de la Torre.,"Vicente Guerrero 609, Centro, 93600 Martínez de la Torre, Ver.",2321121119,,,,,20.06546928,-97.0553841,local,denue-2026-05,30102323119000231000000000U7,Impresión de formas continuas y otros impresos,0 a 5 personas,2024-11
Inedito Publicidad Impresa,papelerias,📚 Papelerías y regalos,📚,"Imprenta en la colonia Cuauhtémoc, Martínez de la Torre.","Blvd. Alfinio Flores Beltran s/n (entre Moctezuma y 16 de Septiembre), Col. Cuauhtémoc, 93608 Martínez de la Torre, Ver.",2321555833,,,,,20.07204713,-97.06396195,local,denue-2026-05,30102323119000221000000000U8,Impresión de formas continuas y otros impresos,0 a 5 personas,2024-11
Juguetería Kids Store,papelerias,📚 Papelerías y regalos,📚,Juguetería en el centro de Martínez de la Torre.,"Nicolás Bravo 400, Centro, 93600 Martínez de la Torre, Ver.",2321044148,,,,,20.06140578,-97.05817163,local,denue-2026-05,30102465212000291000000000U2,Comercio al por menor de juguetes,0 a 5 personas,2024-11
Juguetería y Plásticos la Favorita,papelerias,📚 Papelerías y regalos,📚,Juguetería en el centro de Martínez de la Torre.,"Miguel Hidalgo y Costilla 1, Rosendo Topete Ibañez local 153 154, Centro, 93600 Martínez de la Torre, Ver.",2323240718,,,,,20.06258027,-97.05574526,local,denue-2026-05,30102465212000121000000000U1,Comercio al por menor de juguetes,0 a 5 personas,2010-07
Novedades Perlita,papelerias,📚 Papelerías y regalos,📚,Tienda de regalos en el centro de Martínez de la Torre.,"Av. Melchor Ocampo 213A, Centro, 93600 Martínez de la Torre, Ver.",2321010536,,,,,20.06319037,-97.05446459,local,denue-2026-05,30102465912001671000000000U9,Comercio al por menor de regalos,0 a 5 personas,2019-11
Novedades Yamil,papelerias,📚 Papelerías y regalos,📚,Tienda de regalos en el centro de Martínez de la Torre.,"Av. Melchor Ocampo 110, Centro, 93600 Martínez de la Torre, Ver.",2321273667,,,,,20.0627281,-97.05532593,local,denue-2026-05,30102465912002111000000000U5,Comercio al por menor de regalos,0 a 5 personas,2024-11
Novedades de Bolsas y Accesorios,papelerias,📚 Papelerías y regalos,📚,"Tienda de regalos en la colonia Rodríguez Cano, Martínez de la Torre.","Miguel Hidalgo y Costilla 601, Col. Rodríguez Cano, 93608 Martínez de la Torre, Ver.",2321002720,,,,,20.07266864,-97.06866364,local,denue-2026-05,30102465912001361000000000U7,Comercio al por menor de regalos,0 a 5 personas,2019-11
Papelería Adri,papelerias,📚 Papelerías y regalos,📚,"Papelería en la colonia Paraíso, Martínez de la Torre.","Av. Contador Público Gonzalo Morgado Huesca 204, Col. Paraíso, 93603 Martínez de la Torre, Ver.",2321090909,,,,,20.07020612,-97.05821002,local,denue-2026-05,30102465311001501000000000U3,Comercio al por menor de artículos de papelería,0 a 5 personas,2024-11
Papelería Bozzei,papelerias,📚 Papelerías y regalos,📚,Papelería en el centro de Martínez de la Torre.,"Ignacio Allende 17, Centro, 93600 Martínez de la Torre, Ver.",2321018215,,,,,20.06267876,-97.056857,local,denue-2026-05,30102465311000631000000000U9,Comercio al por menor de artículos de papelería,0 a 5 personas,2010-07
Papelería Copymax,papelerias,📚 Papelerías y regalos,📚,Papelería en el centro de Martínez de la Torre.,"Nicolás Bravo 406, Centro, 93600 Martínez de la Torre, Ver.",2321106547,,,,,20.06173801,-97.05836208,local,denue-2026-05,30102465311000051000000000U0,Comercio al por menor de artículos de papelería,0 a 5 personas,2010-07
Papelería Dany,papelerias,📚 Papelerías y regalos,📚,"Papelería en la colonia Elba Esther, Martínez de la Torre.","Blvd. Magistral s/n (entre José Vasconcelos y 6 de Febrero), Col. Elba Esther, 93605 Martínez de la Torre, Ver.",2321264655,,,,,20.07568367,-97.07358322,local,denue-2026-05,30102465311001891000000000U8,Comercio al por menor de artículos de papelería,0 a 5 personas,2024-11
Papelería Goher,papelerias,📚 Papelerías y regalos,📚,"Papelería en la colonia Alfredo V Bonfil, Martínez de la Torre.","Cuernavaca 105, Col. Alfredo V Bonfil, 93608 Martínez de la Torre, Ver.",2321765551,,,,,20.08016995,-97.06928142,local,denue-2026-05,30102465311001961000000000U9,Comercio al por menor de artículos de papelería,0 a 5 personas,2024-11
Papelería Juliany,papelerias,📚 Papelerías y regalos,📚,"Papelería en la colonia Tlatelolco, Martínez de la Torre.","Tepeyac 308, Col. Tlatelolco, 93603 Martínez de la Torre, Ver.",2281809526,,,,,20.07317722,-97.05412719,local,denue-2026-05,30102465311001881000000000U9,Comercio al por menor de artículos de papelería,0 a 5 personas,2024-11
Papelería Mundo de Colores,papelerias,📚 Papelerías y regalos,📚,"Papelería en la colonia La Perla, Martínez de la Torre.","Primer Centenario s/n (entre Guillermo Prieto y And. Primer Centenario), Col. La Perla, 93604 Martínez de la Torre, Ver.",2321844496,,,,,20.07321092,-97.05071148,local,denue-2026-05,30102465311001661000000000U5,Comercio al por menor de artículos de papelería,0 a 5 personas,2024-11
Papelería Omega,papelerias,📚 Papelerías y regalos,📚,"Papelería en la colonia Melchor Ocampo, Martínez de la Torre.","Prol. Miguel Hidalgo y Costilla 153, Col. Melchor Ocampo, 93603 Martínez de la Torre, Ver.",2321568233,,,,,20.06832791,-97.05923989,local,denue-2026-05,30102465311001641000000000U7,Comercio al por menor de artículos de papelería,0 a 5 personas,2024-11
Papelería Pluma Dorada,papelerias,📚 Papelerías y regalos,📚,"Papelería en la colonia Melchor Ocampo, Martínez de la Torre.","Blvd. Alfinio Flores Beltran 128, Col. Melchor Ocampo, 93603 Martínez de la Torre, Ver.",2321438737,,,,,20.07018614,-97.0626343,local,denue-2026-05,30102561432001211010000000U6,Comercio al por menor de artículos de papelería,0 a 5 personas,2010-07
Papelería Rainbow,papelerias,📚 Papelerías y regalos,📚,Papelería en el centro de Martínez de la Torre.,"Av. General Ignacio Zaragoza 307B, Centro, 93600 Martínez de la Torre, Ver.",2321267082,,,,,20.06213712,-97.05812089,local,denue-2026-05,30102465311001651000000000U6,Comercio al por menor de artículos de papelería,0 a 5 personas,2024-11
Papelería con Servicio de Fotocopiado Michelle,papelerias,📚 Papelerías y regalos,📚,"Papelería en la colonia Benito Juárez, Martínez de la Torre.","2 de Octubre s/n (entre Fernando López Arias y Vicente Lombardo Toledano), Col. Benito Juárez, 93606 Martínez de la Torre, Ver.",2321045305,,,,,20.07264668,-97.03553849,local,denue-2026-05,30102465311000831100000000U5,Comercio al por menor de artículos de papelería,0 a 5 personas,2014-12
Papelería y Copias Copynet,papelerias,📚 Papelerías y regalos,📚,"Papelería en la colonia Patria, Martínez de la Torre.","Nicolás Bravo s/n (entre Av. General Ignacio Zaragoza y Av. Melchor Ocampo), Col. Patria, 93600 Martínez de la Torre, Ver.",2321015639,,,,,20.06174374,-97.05845281,local,denue-2026-05,30102561432001201020000000U7,Comercio al por menor de artículos de papelería,0 a 5 personas,2014-12
Papelería y Mercería el Alba,papelerias,📚 Papelerías y regalos,📚,"Papelería en la colonia Unión, Martínez de la Torre.","Av. 5 de Febrero 508, Col. Unión, 93607 Martínez de la Torre, Ver.",2321437285,,,,,20.0627959,-97.0608511,local,denue-2026-05,30102465311000361000000000U3,Comercio al por menor de artículos de papelería,0 a 5 personas,2010-07
Papelería y Novedades Jacob,papelerias,📚 Papelerías y regalos,📚,"Papelería en la colonia Guadalupe Victoria, Martínez de la Torre.","Niños Héroes s/n (entre Sor Juana Inés de la Cruz y Justo Sierra), Col. Guadalupe Victoria, 93603 Martínez de la Torre, Ver.",5554399341,,,,,20.07084746,-97.05095533,local,denue-2026-05,30102465311001541000000000U9,Comercio al por menor de artículos de papelería,0 a 5 personas,2024-11
Pirma Martínez de la Torre,papelerias,📚 Papelerías y regalos,📚,Venta de artículos deportivos en el centro de Martínez de la Torre.,"Av. Maximiliano Ávila Camacho 187, Centro, 93600 Martínez de la Torre, Ver.",2294341047,,,,,20.06228021,-97.05406638,local,denue-2026-05,30102465215000121000019916S4,Comercio al por menor de artículos y aparatos deportivos,0 a 5 personas,2019-04
Regalos Magic,papelerias,📚 Papelerías y regalos,📚,Tienda de regalos en el centro de Martínez de la Torre.,"Av. Melchor Ocampo 204B, Centro, 93600 Martínez de la Torre, Ver.",2291124481,,,,,20.06299387,-97.05465217,local,denue-2026-05,30102465912002451000000000U5,Comercio al por menor de regalos,0 a 5 personas,2025-04
Reinas Artesanias,papelerias,📚 Papelerías y regalos,📚,"Venta de artículos desechables en la colonia Rodríguez Cano, Martínez de la Torre.","16 de Septiembre s/n (entre Carr. Libramiento Martínez de la Torre-tlapacoyan y Blvd. Alfinio Flores Beltran), Col. Rodríguez Cano, 93608 Martínez de la Torre, Ver.",2321182523,,,,,20.07268878,-97.06453433,local,denue-2026-05,30102465915000201000000000U9,Comercio al por menor en tiendas de artesanías,0 a 5 personas,2024-11
Ropa y Novedades Ali,papelerias,📚 Papelerías y regalos,📚,"Tienda de regalos en la colonia Melchor Ocampo, Martínez de la Torre.","Blvd. Alfinio Flores Beltrán s/n (entre Francisco Javier Miranda y General Joaquín Herrera), Col. Melchor Ocampo, 93603 Martínez de la Torre, Ver.",2321627671,,,,,20.06970003,-97.0623343,local,denue-2026-05,30102465912002341000000000U8,Comercio al por menor de regalos,0 a 5 personas,2025-04
Servicio de Copias Alex,papelerias,📚 Papelerías y regalos,📚,Copias e impresiones en el centro de Martínez de la Torre.,"Nicolás Bravo 400B, Centro, 93600 Martínez de la Torre, Ver.",2321057664,,,,,20.06147004,-97.05820848,local,denue-2026-05,30102561431000241000000000U6,"Servicios de fotocopiado, fax y afines",0 a 5 personas,2010-07
Servicio de Impresiones Ame,papelerias,📚 Papelerías y regalos,📚,Copias e impresiones en el centro de Martínez de la Torre.,"Av. Melchor Ocampo 307, Centro, 93600 Martínez de la Torre, Ver.",2321481130,,,,,20.0613285,-97.05772955,local,denue-2026-05,30102465311001141110000000U8,"Servicios de fotocopiado, fax y afines",0 a 5 personas,2019-11
Taller de Impresión Publicitaria Stamper Impresiones,papelerias,📚 Papelerías y regalos,📚,Imprenta en el centro de Martínez de la Torre.,"Av. Maximino Ávila Camacho 816B, Centro, 93600 Martínez de la Torre, Ver.",2322160887,,,,,20.06576629,-97.04926699,local,denue-2026-05,30102722519001191110000000U0,Impresión de formas continuas y otros impresos,0 a 5 personas,2019-11
Tienda de Accesorios Mikro Kosmo,papelerias,📚 Papelerías y regalos,📚,Tienda de regalos en el centro de Martínez de la Torre.,"Francisco Javier Mina 507, Centro, 93600 Martínez de la Torre, Ver.",2321018661,,,,,20.06540974,-97.05321283,local,denue-2026-05,30102465912002161000000000U0,Comercio al por menor de regalos,0 a 5 personas,2024-11
Tienda de Novedades Colors,papelerias,📚 Papelerías y regalos,📚,Tienda de regalos en el centro de Martínez de la Torre.,"Av. Melchor Ocampo s/n (entre Ignacio López Rayón y Ignacio Aldama), Centro, 93600 Martínez de la Torre, Ver.",2321445330,,,,,20.06480252,-97.05146503,local,denue-2026-05,30102465912002241000000000U0,Comercio al por menor de regalos,0 a 5 personas,2024-11
Tienda de Novedades Look Martínez,papelerias,📚 Papelerías y regalos,📚,Tienda de regalos en el centro de Martínez de la Torre.,"Av. Maximino Ávila Camacho 219B, Centro, 93600 Martínez de la Torre, Ver.",2321473386,,,,,20.06258917,-97.05369627,local,denue-2026-05,30102465912001811000000000U1,Comercio al por menor de regalos,0 a 5 personas,2024-11
Tienda de Novedades y Accesorios Plaza China,papelerias,📚 Papelerías y regalos,📚,Tienda de regalos en el centro de Martínez de la Torre.,"Av. Maximino Ávila Camacho 610, Centro, 93600 Martínez de la Torre, Ver.",2211555981,,,,,20.06420017,-97.05052684,local,denue-2026-05,30102465912001821000000000U0,Comercio al por menor de regalos,0 a 5 personas,2024-11
Tienda de Regalos Morgan K-pop,papelerias,📚 Papelerías y regalos,📚,Tienda de regalos en el centro de Martínez de la Torre.,"Av. Maximino Ávila Camacho 500A, Centro, 93600 Martínez de la Torre, Ver.",2321274346,,,,,20.06350052,-97.05178338,local,denue-2026-05,30102465912002411000000000U9,Comercio al por menor de regalos,0 a 5 personas,2025-04
Venta de Productos Betterware Martínez,papelerias,📚 Papelerías y regalos,📚,Venta de artículos religiosos en el centro de Martínez de la Torre.,"Nicolás Bravo 402A, Centro, 93600 Martínez de la Torre, Ver.",2321044148,,,,,20.06158079,-97.05827195,local,denue-2026-05,30102465914000171000000000U7,Comercio al por menor de artículos desechables,0 a 5 personas,2024-11
Venta de Ropa Deportiva Fitness,papelerias,📚 Papelerías y regalos,📚,Venta de artículos deportivos en el centro de Martínez de la Torre.,"Av. Melchor Ocampo 604B, Centro, 93600 Martínez de la Torre, Ver.",2321255024,,,,,20.06478994,-97.05131283,local,denue-2026-05,30102465215000221000000000U2,Comercio al por menor de artículos y aparatos deportivos,0 a 5 personas,2019-11
Venta de Tenis America,papelerias,📚 Papelerías y regalos,📚,Venta de artículos deportivos en el centro de Martínez de la Torre.,"Av. Melchor Ocampo 213, Centro, 93600 Martínez de la Torre, Ver.",2321623033,,,,,20.06321895,-97.05441164,local,denue-2026-05,30102465215000231000000000U1,Comercio al por menor de artículos y aparatos deportivos,0 a 5 personas,2024-11
Venta de Tenis Americanos Naty,papelerias,📚 Papelerías y regalos,📚,"Venta de artículos deportivos en la colonia Patria, Martínez de la Torre.","Av. Melchor Ocampo s/n (entre Nicolás Bravo y Guadalupe Victoria), Col. Patria, 93600 Martínez de la Torre, Ver.",2321591492,,,,,20.06099376,-97.05856781,local,denue-2026-05,30102465215000271000000000U7,Comercio al por menor de artículos y aparatos deportivos,0 a 5 personas,2024-11
Venta de Zapatos Deportivos Tenis America,papelerias,📚 Papelerías y regalos,📚,Venta de artículos deportivos en el centro de Martínez de la Torre.,"Av. Maximino Ávila Camacho 311B, Centro, 93600 Martínez de la Torre, Ver.",2321623033,,,,,20.06284973,-97.05320953,local,denue-2026-05,30102465215000241000000000U0,Comercio al por menor de artículos y aparatos deportivos,0 a 5 personas,2024-11
Construcciones y Electrificaciones Ferro Sa de Cv.,profesionales,⚖️ Profesionales,⚖️,Arquitectura e ingeniería en el centro de Martínez de la Torre.,"Francisco Javier Mina 505, Centro, 93600 Martínez de la Torre, Ver.",2321108998,,,,,20.06532462,-97.05316142,local,denue-2026-05,30102541330000083000000000U1,Servicios de ingeniería,11 a 30 personas,2024-11
Constructora e Inmobiliaria R de M,profesionales,⚖️ Profesionales,⚖️,Arquitectura e ingeniería en el centro de Martínez de la Torre.,"Av. Pedro Belli 321, Centro, 93600 Martínez de la Torre, Ver.",2321126230,,,,,20.06225714,-97.05244055,local,denue-2026-05,30102541330000101000000000U1,Servicios de ingeniería,0 a 5 personas,2024-11
Despacho Contable Asesores Contables y Fiscales,profesionales,⚖️ Profesionales,⚖️,Despacho contable en el centro de Martínez de la Torre.,"Guadalupe Victoria s/n (entre Av. Pedro Belli y Hermenegildo Galeana), Centro, 93600 Martínez de la Torre, Ver.",2283247892,,,,,20.05946605,-97.05821366,local,denue-2026-05,30102541211000171101000000U6,Servicios de contabilidad y auditoría,6 a 10 personas,2010-07
Despacho Contable R&g,profesionales,⚖️ Profesionales,⚖️,"Despacho contable en la colonia Melchor Ocampo, Martínez de la Torre.","Prol. Ignacio Allende s/n (entre Valentin Gómez Farias y José de Emparan), Col. Melchor Ocampo, 93603 Martínez de la Torre, Ver.",2321109154,,,,,20.06714402,-97.05942038,local,denue-2026-05,30102541211000491000000000U8,Servicios de contabilidad y auditoría,0 a 5 personas,2019-11
Despacho Contadores Públicos a C y F,profesionales,⚖️ Profesionales,⚖️,"Despacho contable en la colonia Melchor Ocampo, Martínez de la Torre.","Prol. Miguel Hidalgo y Costilla s/n (entre Privada Florida y Priv. Las Vegas), Col. Melchor Ocampo, 93603 Martínez de la Torre, Ver.",2321058461,,,,,20.06994228,-97.06006484,local,denue-2026-05,30102541211000421100000000U5,Servicios de contabilidad y auditoría,0 a 5 personas,2019-11
Despacho Jurídico Aguilar Palestina,profesionales,⚖️ Profesionales,⚖️,Despacho jurídico en el centro de Martínez de la Torre.,"Av. Ignacio de la Llave s/n (entre Miguel Hidalgo y Costilla y Ignacio Allende), Centro, 93600 Martínez de la Torre, Ver.",2321560368,,,,,20.06399526,-97.05674615,local,denue-2026-05,30102541110000691000000000U7,Bufetes jurídicos,0 a 5 personas,2024-11
Despacho Jurídico Raúl Garcia Garrido,profesionales,⚖️ Profesionales,⚖️,Despacho jurídico en el centro de Martínez de la Torre.,"Av. Pedro Belli 152, Centro, 93600 Martínez de la Torre, Ver.",2288901361,,,,,20.06313307,-97.05109608,local,denue-2026-05,30102541110000221000000000U3,Bufetes jurídicos,0 a 5 personas,2010-07
Despacho Jurídico Riquelme y Ortíz,profesionales,⚖️ Profesionales,⚖️,Despacho jurídico en el centro de Martínez de la Torre.,"Av. Melchor Ocampo 5106, Centro, 93600 Martínez de la Torre, Ver.",2323734202,,,,,20.0644649,-97.05190106,local,denue-2026-05,30102541110000413001000000U6,Bufetes jurídicos,0 a 5 personas,2010-07
Despacho Jurídico Sigma,profesionales,⚖️ Profesionales,⚖️,"Despacho jurídico en la colonia Patria, Martínez de la Torre.","Av. General Ignacio Zaragoza 506, Col. Patria, 93600 Martínez de la Torre, Ver.",2321255212,,,,,20.06139641,-97.05964482,local,denue-2026-05,30102541110000571000000000U1,Bufetes jurídicos,0 a 5 personas,2024-11
Despacho Toral,profesionales,⚖️ Profesionales,⚖️,"Despacho contable en la colonia Constitución, Martínez de la Torre.","Av. 5 de Febrero 399, Col. Constitución, 93600 Martínez de la Torre, Ver.",2321189600,,,,,20.06333109,-97.05969952,local,denue-2026-05,30102541211000531000000000U1,Servicios de contabilidad y auditoría,0 a 5 personas,2021-05
Despacho de Abogados,profesionales,⚖️ Profesionales,⚖️,Despacho jurídico en el centro de Martínez de la Torre.,"Av. Ignacio de la Llave 407, Centro, 93600 Martínez de la Torre, Ver.",2321330149,,,,,20.06574468,-97.05349799,local,denue-2026-05,30102541110000641000000000U2,Bufetes jurídicos,0 a 5 personas,2024-11
Grupo Jurídico Villegas Oliva y Herrera,profesionales,⚖️ Profesionales,⚖️,Despacho jurídico en el centro de Martínez de la Torre.,"Av. Pedro Belli 200C, Centro, 93600 Martínez de la Torre, Ver.",2321040286,,,,,20.06140175,-97.05385778,local,denue-2026-05,30102541110000581000000000U0,Bufetes jurídicos,0 a 5 personas,2024-11
Impresos de Martínez de la Torre,profesionales,⚖️ Profesionales,⚖️,"Diseño en la colonia Patria, Martínez de la Torre.","Guadalupe Victoria s/n (entre Av. General Ignacio Zaragoza y Av. Melchor Ocampo), Col. Patria, 93600 Martínez de la Torre, Ver.",2321010311,,,,,20.0608908,-97.05902289,local,denue-2026-05,30102541430000071000000000U4,Diseño gráfico,0 a 5 personas,2024-11
Laboratorio de Análisis Clínicos Laboratorios Calidad y Ahorro,profesionales,⚖️ Profesionales,⚖️,"Arquitectura e ingeniería en la colonia La Gloria, Martínez de la Torre.","Col. La Gloria, 93604 Martínez de la Torre, Ver.",2321474320,,,,https://www.laboratorios-abarca.mx,20.0804887,-97.04784375,local,denue-2026-05,30102541380000011000000000U7,Laboratorios de pruebas,0 a 5 personas,2010-07
Notaria Pública No 6,profesionales,⚖️ Profesionales,⚖️,Notaría en el centro de Martínez de la Torre.,"Av. Pedro Belli 310, Centro, 93600 Martínez de la Torre, Ver.",2323241353,,,,,20.06211063,-97.05251677,local,denue-2026-05,30102541120000022001000000U4,Notarías públicas,6 a 10 personas,2010-07
Notaria Pública Num 11,profesionales,⚖️ Profesionales,⚖️,"Notaría en la colonia Guadalupe Victoria, Martínez de la Torre.","Blvd. Carlos Salinas de Gortari Rafael Martínez de la Torre s/n (entre Av. 5 de Febrero y Nogales), Col. Guadalupe Victoria, 93603 Martínez de la Torre, Ver.",2323240309,,,,,20.07161231,-97.0448635,local,denue-2026-05,30102541120000061000000000U2,Notarías públicas,0 a 5 personas,2014-12
Oficina de Asesoría Grupo Asesor en Fitosanidad e Inocuidado,profesionales,⚖️ Profesionales,⚖️,"Consultoría en la colonia Dante Delgado Rannauro, Martínez de la Torre.","Framboyanes s/n (entre Blvd. Carlos Salinas de Gortari (rafael Martínez de la Torre) y Los Pinos), Col. Dante Delgado Rannauro, 93604 Martínez de la Torre, Ver.",2323735929,,,,,20.07479768,-97.04104598,local,denue-2026-05,30102541690000072001000000U1,Otros servicios de consultoría científica y técnica,11 a 30 personas,2019-11
Serfico,profesionales,⚖️ Profesionales,⚖️,Despacho contable en el centro de Martínez de la Torre.,"Av. Maximino Ávila Camacho 716, Centro, 93600 Martínez de la Torre, Ver.",2321235757,,,,,20.06469209,-97.04972193,local,denue-2026-05,30102541211000411001000000U6,Servicios de contabilidad y auditoría,6 a 10 personas,2010-07
Taller de Diseño e Impresión Personalizados Publicidad,profesionales,⚖️ Profesionales,⚖️,"Diseño en la colonia Ejidal, Martínez de la Torre.","Adolfo López Mateos 40D, Col. Ejidal, 93606 Martínez de la Torre, Ver.",2321423647,,,,,20.07048087,-97.04465559,local,denue-2026-05,30102511192000011010000000U2,Diseño gráfico,0 a 5 personas,2019-11
Taller de Serigrafia Impresiones 4 Leds,profesionales,⚖️ Profesionales,⚖️,"Diseño en la colonia Adolfo Ruíz Cortines, Martínez de la Torre.","Blvd. Alfinio Flores Beltran 600, Col. Adolfo Ruíz Cortines, 93607 Martínez de la Torre, Ver.",2321108970,,,,,20.06888607,-97.06199045,local,denue-2026-05,30102541430000041000000000U7,Diseño gráfico,0 a 5 personas,2019-11
Tienda Sistemas de Riego Proyagri,profesionales,⚖️ Profesionales,⚖️,"Arquitectura e ingeniería en la colonia Moctezuma, Martínez de la Torre.","Av. Lázaro Cárdenas Tenoch s/n (entre Carr. Libramiento Martínez de la Torre-tlapacoyan y Juan de la Barrera), Col. Moctezuma, 93603 Martínez de la Torre, Ver.",2321000034,,,,,20.07770241,-97.05364345,local,denue-2026-05,30102541330000091000000000U4,Servicios de ingeniería,0 a 5 personas,2024-11
Antojitos 3 Joyas,restaurantes,🍽️ Restaurantes,🍽️,"Antojitos en la colonia Constitución, Martínez de la Torre.","Av. Ignacio de la Llave 605, Col. Constitución, 93600 Martínez de la Torre, Ver.",2321457671,,,,,20.06166833,-97.06085774,local,denue-2026-05,30102722219000401000000000U1,Restaurantes con servicio de preparación de antojitos,0 a 5 personas,2010-07
Antojitos Damaris,restaurantes,🍽️ Restaurantes,🍽️,"Antojitos en la colonia Vista Hermosa, Martínez de la Torre.","Blvd. Magistral s/n (entre Benito Juárez Garcia y Francisco Villa), Col. Vista Hermosa, 93608 Martínez de la Torre, Ver.",2321044296,,,,,20.07630433,-97.07252508,local,denue-2026-05,30102722219001431000000000U7,Restaurantes con servicio de preparación de antojitos,0 a 5 personas,2010-07
Birria el Master,restaurantes,🍽️ Restaurantes,🍽️,"Antojitos en la colonia Melchor Ocampo, Martínez de la Torre.","Francisco Javier Miranda 102, Col. Melchor Ocampo, 93603 Martínez de la Torre, Ver.",2321383020,,,,,20.07090173,-97.06103499,local,denue-2026-05,30102722513002421000000000U3,Restaurantes con servicio de preparación de antojitos,0 a 5 personas,2024-11
Cafe-bar St Vincent,restaurantes,🍽️ Restaurantes,🍽️,Restaurante de comida corrida y a la carta en el centro de Martínez de la Torre.,"Centro, 93600 Martínez de la Torre, Ver.",2321734700,,,,,20.06093594,-97.05387249,local,denue-2026-05,30102722511000891000000000U3,Restaurantes con servicio de preparación de alimentos a la carta o de comida corrida,0 a 5 personas,2024-11
Cocina Económica Comedor Chuy,restaurantes,🍽️ Restaurantes,🍽️,Antojitos en el centro de Martínez de la Torre.,"Ignacio López Rayón 100, Centro, 93600 Martínez de la Torre, Ver.",2321139281,,,,,20.06349092,-97.05087515,local,denue-2026-05,30102722518001081000000000U5,Restaurantes con servicio de preparación de antojitos,0 a 5 personas,2024-11
Cocina Económica Kachikin,restaurantes,🍽️ Restaurantes,🍽️,Antojitos en el centro de Martínez de la Torre.,"Av. Pedro Belli 514, Centro, 93600 Martínez de la Torre, Ver.",2323228077,,,,,20.06315908,-97.0510661,local,denue-2026-05,30102722513001611000000000U0,Restaurantes con servicio de preparación de antojitos,0 a 5 personas,2019-11
Cocina de Familia Maranatha,restaurantes,🍽️ Restaurantes,🍽️,Restaurante en el centro de Martínez de la Torre.,"José María Morelos y Pavon 613, Centro, 93600 Martínez de la Torre, Ver.",2323268575,,,,,20.06516269,-97.05623796,local,denue-2026-05,30102722516000151000000000U1,Restaurantes de autoservicio,0 a 5 personas,2024-11
Cockteleria Mundo Acuatico,restaurantes,🍽️ Restaurantes,🍽️,"Restaurante de pescados y mariscos en la colonia Ejidal, Martínez de la Torre.","Adolfo López Mateos 502B, Col. Ejidal, 93600 Martínez de la Torre, Ver.",2321043500,,,,,20.06899387,-97.04663024,local,denue-2026-05,30102722512000031000000000U4,Restaurantes con servicio de preparación de pescados y mariscos,0 a 5 personas,2014-12
Cockteleria la Carga,restaurantes,🍽️ Restaurantes,🍽️,Restaurante de pescados y mariscos en el centro de Martínez de la Torre.,"Av. 5 de Febrero 108, Centro, 93600 Martínez de la Torre, Ver.",2323243212,,,,,20.06496148,-97.05665228,local,denue-2026-05,30102722219000351000000000U8,Restaurantes con servicio de preparación de pescados y mariscos,6 a 10 personas,2010-07
Cockteleria la Medusa,restaurantes,🍽️ Restaurantes,🍽️,Restaurante de pescados y mariscos en el centro de Martínez de la Torre.,"Av. Maximino Ávila Camacho 307, Centro, 93600 Martínez de la Torre, Ver.",2321444940,,,,,20.0606847,-97.05704912,local,denue-2026-05,30102463211002821110000000U8,Restaurantes con servicio de preparación de pescados y mariscos,0 a 5 personas,2019-11
Coctelería Mi Pescadito,restaurantes,🍽️ Restaurantes,🍽️,Restaurante de pescados y mariscos en el centro de Martínez de la Torre.,"Mariano Matamoros 313C, Centro, 93600 Martínez de la Torre, Ver.",2323227381,,,,,20.06360206,-97.05319575,local,denue-2026-05,30102722219001161000000000U0,Restaurantes con servicio de preparación de pescados y mariscos,0 a 5 personas,2010-07
Cocteles la Carguita Alemán,restaurantes,🍽️ Restaurantes,🍽️,"Restaurante de pescados y mariscos en la colonia Benito Juárez, Martínez de la Torre.","Adolfo López Mateos s/n (entre Manuel Ávila Camacho y Fernando López Arias), Col. Benito Juárez, 93606 Martínez de la Torre, Ver.",2323292988,,,,,20.07452285,-97.03838273,local,denue-2026-05,30102722512000231000000000U0,Restaurantes con servicio de preparación de pescados y mariscos,0 a 5 personas,2024-11
Cokteleria Marycruz,restaurantes,🍽️ Restaurantes,🍽️,"Restaurante de pescados y mariscos en la colonia 20 de Noviembre, Martínez de la Torre.","Blvd. Magistral s/n (entre Emiliano Zapata y Niños Héroes), Col. 20 de Noviembre, 93608 Martínez de la Torre, Ver.",2321156706,,,,,20.07768416,-97.07024014,local,denue-2026-05,30102722513002271110000000U2,Restaurantes con servicio de preparación de pescados y mariscos,0 a 5 personas,2021-05
Cokteleria los Almendros,restaurantes,🍽️ Restaurantes,🍽️,"Restaurante de pescados y mariscos en la colonia Ejidal, Martínez de la Torre.","Ricardo Flores Magón s/n (entre Blvd. Carlos Salinas de Gortari (rafael Martínez de la Torre) y Adolfo López Mateos), Col. Ejidal, 93606 Martínez de la Torre, Ver.",2323735033,,,,,20.07042323,-97.04511314,local,denue-2026-05,30102722212000821000000000U5,Restaurantes con servicio de preparación de pescados y mariscos,0 a 5 personas,2010-07
Comedor Eli,restaurantes,🍽️ Restaurantes,🍽️,Antojitos en el centro de Martínez de la Torre.,"Miguel Hidalgo y Costilla 1, Rosendo Topete Ibañez local 1B 7B 6B, Centro, 93600 Martínez de la Torre, Ver.",2321091305,,,,,20.06258027,-97.05574526,local,denue-2026-05,30102722219001221000000000U2,Restaurantes con servicio de preparación de antojitos,0 a 5 personas,2010-07
Comida Japonesa Ohashi,restaurantes,🍽️ Restaurantes,🍽️,Restaurante en el centro de Martínez de la Torre.,"Av. 5 de Febrero s/n (entre Vicente Guerrero y José María Morelos y Pavon), Centro, 93600 Martínez de la Torre, Ver.",2321711567,,,,,20.06559105,-97.05551857,local,denue-2026-05,30102722516000182000000000U6,Restaurantes de autoservicio,6 a 10 personas,2024-11
Comida Mexicana al Sazon del Xile,restaurantes,🍽️ Restaurantes,🍽️,Antojitos en el centro de Martínez de la Torre.,"José María Morelos y Pavón 404, Centro, 93600 Martínez de la Torre, Ver.",2321972989,,,,,20.06326769,-97.054993,local,denue-2026-05,30102722513003151000000000U5,Restaurantes con servicio de preparación de antojitos,0 a 5 personas,2025-04
Fonda Mi Sazon,restaurantes,🍽️ Restaurantes,🍽️,"Restaurante de comida corrida y a la carta en la colonia Patria, Martínez de la Torre.","Guadalupe Victoria s/n (entre Enrique Rebsamen y Av. General Ignacio Zaragoza), Col. Patria, 93600 Martínez de la Torre, Ver.",2321403852,,,,,20.06153815,-97.05940188,local,denue-2026-05,30102722511000831000000000U9,Restaurantes con servicio de preparación de alimentos a la carta o de comida corrida,0 a 5 personas,2024-11
Fonda la Campesina,restaurantes,🍽️ Restaurantes,🍽️,"Antojitos en la colonia Patria, Martínez de la Torre.","Guadalupe Victoria 503, Col. Patria, 93600 Martínez de la Torre, Ver.",2321484421,,,,,20.06173373,-97.05950673,local,denue-2026-05,30102722511000751010000000U9,Restaurantes con servicio de preparación de antojitos,0 a 5 personas,2020-11
Las Garnachas Estilo Altotonga,restaurantes,🍽️ Restaurantes,🍽️,Antojitos en el centro de Martínez de la Torre.,"Ignacio Allende s/n (entre Av. Pedro Belli y Av. Maximino Ávila Camacho), Centro, 93600 Martínez de la Torre, Ver.",2321358207,,,,,20.06097839,-97.05586128,local,denue-2026-05,30102722513002741000000000U4,Restaurantes con servicio de preparación de antojitos,0 a 5 personas,2024-11
Las Gordas Antojitos,restaurantes,🍽️ Restaurantes,🍽️,Antojitos en el centro de Martínez de la Torre.,"Miguel Hidalgo y Costilla 602B, Centro, 93600 Martínez de la Torre, Ver.",2321430148,,,,,20.06427158,-97.0566505,local,denue-2026-05,30102722513002122000000000U7,Restaurantes con servicio de preparación de antojitos,6 a 10 personas,2019-11
Merendero Cuco,restaurantes,🍽️ Restaurantes,🍽️,Restaurante de comida corrida y a la carta en el centro de Martínez de la Torre.,"Av. Pedro Belli 265, Centro, 93600 Martínez de la Torre, Ver.",2321477003,,,,,20.05983196,-97.05695688,local,denue-2026-05,30102722219000251001000000U0,Restaurantes con servicio de preparación de alimentos a la carta o de comida corrida,6 a 10 personas,2010-07
Restaurant Cochinita Pibil la Original,restaurantes,🍽️ Restaurantes,🍽️,"Antojitos en la colonia Moctezuma, Martínez de la Torre.","Carr. Libramiento Martínez de la Torre Tlapacoyan s/n (entre 16 de Septiembre y Av. Corregidora), Col. Moctezuma, 93603 Martínez de la Torre, Ver.",2321438970,,,,,20.07690251,-97.05497996,local,denue-2026-05,30102722513002841000000000U2,Restaurantes con servicio de preparación de antojitos,0 a 5 personas,2024-11
Restaurant Tierra Mia,restaurantes,🍽️ Restaurantes,🍽️,"Restaurante de comida corrida y a la carta en la colonia San Manuel, Martínez de la Torre.","Blvd. Carlos Salinas de Gortari Rafael Martínez de la Torre s/n (entre Los Pinos y Adolfo Ruíz Cortines), Col. San Manuel, 93604 Martínez de la Torre, Ver.",2323295312,,,,,20.07557611,-97.03940603,local,denue-2026-05,30102722110000412002000000U9,Restaurantes con servicio de preparación de alimentos a la carta o de comida corrida,6 a 10 personas,2012-06
Restaurante Nueve Uno,restaurantes,🍽️ Restaurantes,🍽️,Restaurante de comida corrida y a la carta en el centro de Martínez de la Torre.,"Av. Pedro Belli s/n (entre Hermenegildo Galeana y Guadalupe Victoria), Centro, 93600 Martínez de la Torre, Ver.",2321712569,,,,,20.0594315,-97.0588055,local,denue-2026-05,30102722511000802000000000U0,Restaurantes con servicio de preparación de alimentos a la carta o de comida corrida,6 a 10 personas,2024-11
Restaurante Pozoleria Papadzul,restaurantes,🍽️ Restaurantes,🍽️,Restaurante de comida corrida y a la carta en el centro de Martínez de la Torre.,"Miguel Hidalgo y Costilla 1, Rosendo Topete Ibañez local 407, Centro, 93600 Martínez de la Torre, Ver.",2323243249,,,,,20.06258027,-97.05574526,local,denue-2026-05,30102722511000561000000000U2,Restaurantes con servicio de preparación de alimentos a la carta o de comida corrida,0 a 5 personas,2019-11
Restaurante Quinta Aurora,restaurantes,🍽️ Restaurantes,🍽️,"Restaurante de comida corrida y a la carta en la colonia San Manuel, Martínez de la Torre.","Vicente Guerrero s/n (entre Vicente Guerrero y Cda. Ceiba), Col. San Manuel, 93604 Martínez de la Torre, Ver.",2321017520,,,,,20.0852401,-97.03584552,local,denue-2026-05,30102722511000871000000000U5,Restaurantes con servicio de preparación de alimentos a la carta o de comida corrida,0 a 5 personas,2024-11
Restaurante Quinta Avenida,restaurantes,🍽️ Restaurantes,🍽️,"Restaurante de pescados y mariscos en la colonia Guadalupe Victoria, Martínez de la Torre.","Blvd. Carlos Salinas de Gortari Rafael Martínez de la Torre 553, Col. Guadalupe Victoria, 93603 Martínez de la Torre, Ver.",2323241531,,,,,20.07218562,-97.04406542,local,denue-2026-05,30102722512000272000000000U4,Restaurantes con servicio de preparación de pescados y mariscos,6 a 10 personas,2024-11
Restaurante de Comida Rápida Busher Cocdrils,restaurantes,🍽️ Restaurantes,🍽️,Restaurante en el centro de Martínez de la Torre.,"Av. Maximino Ávila Camacho 505, Centro, 93600 Martínez de la Torre, Ver.",2321979330,,,,,20.06371749,-97.05160003,local,denue-2026-05,30102722516000271000000000U7,Restaurantes de autoservicio,0 a 5 personas,2025-04
Restaurante de Snacks las Alitas de Gus,restaurantes,🍽️ Restaurantes,🍽️,Restaurante de comida corrida y a la carta en el centro de Martínez de la Torre.,"Av. Pedro Belli 518, Centro, 93600 Martínez de la Torre, Ver.",2321294637,,,,,20.06327613,-97.05093108,local,denue-2026-05,30102722516000071001000000U1,Restaurantes con servicio de preparación de alimentos a la carta o de comida corrida,6 a 10 personas,2019-11
Restaurante el Itacate,restaurantes,🍽️ Restaurantes,🍽️,Restaurante de comida corrida y a la carta en el centro de Martínez de la Torre.,"Av. General Ignacio Zaragoza 418, Centro, 93600 Martínez de la Torre, Ver.",2321476993,,,,,20.06472009,-97.05332233,local,denue-2026-05,30102722511000571000000000U1,Restaurantes con servicio de preparación de alimentos a la carta o de comida corrida,0 a 5 personas,2019-11
Restaurante la Candelaria,restaurantes,🍽️ Restaurantes,🍽️,"Restaurante de comida corrida y a la carta en la colonia Vicente Guerrero, Martínez de la Torre.","Carr. Libramiento Martínez de la Torre Tlapacoyan s/n (entre Iguala y Guanajuato), Col. Vicente Guerrero, 93603 Martínez de la Torre, Ver.",2321270929,,,,,20.07441791,-97.06156332,local,denue-2026-05,30102722511000223000000000U9,Restaurantes con servicio de preparación de alimentos a la carta o de comida corrida,11 a 30 personas,2014-12
Restaurante la Palapa de Pedro,restaurantes,🍽️ Restaurantes,🍽️,"Restaurante de pescados y mariscos en la colonia Las Vegas, Martínez de la Torre.","Pedro de Valdez s/n, Col. Las Vegas, 93604 Martínez de la Torre, Ver.",2323247938,,,,,20.08075938,-97.03721053,local,denue-2026-05,30102722219000721000000000U2,Restaurantes con servicio de preparación de pescados y mariscos,0 a 5 personas,2010-07
Restaurante los Pampanos,restaurantes,🍽️ Restaurantes,🍽️,Restaurante de comida corrida y a la carta en el centro de Martínez de la Torre.,"Av. Maximino Ávila Camacho 208A, Centro, 93600 Martínez de la Torre, Ver.",2321440332,,,,,20.06228023,-97.05406634,local,denue-2026-05,30102722511000521000000000U6,Restaurantes con servicio de preparación de alimentos a la carta o de comida corrida,0 a 5 personas,2019-11
Restaurat la Cabaña de la Abuela,restaurantes,🍽️ Restaurantes,🍽️,"Restaurante de comida corrida y a la carta en la colonia San Manuel, Martínez de la Torre.","Carr. Federal Martínez San Rafael s/n, Col. San Manuel, 93604 Martínez de la Torre, Ver.",2321624591,,,,,20.08028999,-97.03284102,local,denue-2026-05,30102722511000761000000000U8,Restaurantes con servicio de preparación de alimentos a la carta o de comida corrida,0 a 5 personas,2021-05
Tacos Martínez,restaurantes,🍽️ Restaurantes,🍽️,Tacos y tortas en el centro de Martínez de la Torre.,"Av. 5 de Febrero 102, Centro, 93600 Martínez de la Torre, Ver.",2321279478,,,,,20.06479951,-97.05693735,local,denue-2026-05,30102722212001681000000000U2,Restaurantes con servicio de preparación de tacos y tortas,0 a 5 personas,2010-07
Taquería 5 Salsas,restaurantes,🍽️ Restaurantes,🍽️,"Tacos y tortas en la colonia Del Bosque, Martínez de la Torre.","Blvd. Luis Donaldo Colosio Carretera Martínez Tlapacoyan s/n, Col. Del Bosque, 93607 Martínez de la Torre, Ver.",2321207120,,,,,20.06085786,-97.07454481,local,denue-2026-05,30102722514002311000000000U4,Restaurantes con servicio de preparación de tacos y tortas,0 a 5 personas,2024-11
Taquería H el Almendro,restaurantes,🍽️ Restaurantes,🍽️,"Tacos y tortas en la colonia San Manuel, Martínez de la Torre.","Blvd. Carlos Salinas de Gortari Rafael Martínez de la Torre s/n (entre 22 de Noviembre y 20 de Noviembre), Col. San Manuel, 93604 Martínez de la Torre, Ver.",2321574507,,,,,20.07775209,-97.03633004,local,denue-2026-05,30102722514000051000000000U8,Restaurantes con servicio de preparación de tacos y tortas,0 a 5 personas,2012-06
Taquería Maky,restaurantes,🍽️ Restaurantes,🍽️,"Tacos y tortas en la colonia Del Bosque, Martínez de la Torre.","Blvd. Luis Donaldo Colosio Carretera Martínez Tlapacoyan s/n, Col. Del Bosque, 93607 Martínez de la Torre, Ver.",2321014842,,,,,20.0606855,-97.07953459,local,denue-2026-05,30102722514000101002000000U1,Restaurantes con servicio de preparación de tacos y tortas,0 a 5 personas,2014-12
Taquería Monchis,restaurantes,🍽️ Restaurantes,🍽️,"Tacos y tortas en la colonia Ejidal, Martínez de la Torre.","Graciano Sánchez s/n (entre 2 de Octubre y Salvador Allende), Col. Ejidal, 93606 Martínez de la Torre, Ver.",2321007708,,,,,20.06815131,-97.0421701,local,denue-2026-05,30102722514001891000000000U6,Restaurantes con servicio de preparación de tacos y tortas,0 a 5 personas,2024-11
Taquería Mr.gloton,restaurantes,🍽️ Restaurantes,🍽️,"Tacos y tortas en la colonia Ejidal, Martínez de la Torre.","Col. Ejidal, 93600 Martínez de la Torre, Ver.",2321720008,,,,,20.06903482,-97.0460398,local,denue-2026-05,30102722514002091000000000U2,Restaurantes con servicio de preparación de tacos y tortas,0 a 5 personas,2024-11
Taquería Nico,restaurantes,🍽️ Restaurantes,🍽️,"Tacos y tortas en la colonia Paraíso, Martínez de la Torre.","Cda. Ursulo Galvan 100, Col. Paraíso, 93603 Martínez de la Torre, Ver.",2325939914,,,,,20.06560751,-97.05733424,local,denue-2026-05,30102722514000941000000000U0,Restaurantes con servicio de preparación de tacos y tortas,0 a 5 personas,2014-12
Taquería Paraíso,restaurantes,🍽️ Restaurantes,🍽️,"Tacos y tortas en la colonia Paraíso, Martínez de la Torre.","Licenciado Cirilo Rincon 118, Col. Paraíso, 93603 Martínez de la Torre, Ver.",2321170754,,,,,20.07073097,-97.05886268,local,denue-2026-05,30102722514002481000000000U5,Restaurantes con servicio de preparación de tacos y tortas,0 a 5 personas,2024-11
Taquería Pepes,restaurantes,🍽️ Restaurantes,🍽️,Tacos y tortas en el centro de Martínez de la Torre.,"Av. Maximino Ávila Camacho 700A, Centro, 93600 Martínez de la Torre, Ver.",2321264870,,,,,20.0643423,-97.05026623,local,denue-2026-05,30102722514002441000000000U9,Restaurantes con servicio de preparación de tacos y tortas,0 a 5 personas,2024-11
Taquería Power Fitness,restaurantes,🍽️ Restaurantes,🍽️,"Tacos y tortas en la colonia Patria, Martínez de la Torre.","Guadalupe Victoria s/n (entre Enrique Rebsamen y Av. General Ignacio Zaragoza), Col. Patria, 93600 Martínez de la Torre, Ver.",2321182235,,,,,20.06170468,-97.05949116,local,denue-2026-05,30102722514002101000000000U9,Restaurantes con servicio de preparación de tacos y tortas,0 a 5 personas,2024-11
Taquería Tacos Marin,restaurantes,🍽️ Restaurantes,🍽️,"Tacos y tortas en la colonia Benito Juárez, Martínez de la Torre.","Manuel Ávila Camacho s/n (entre Salvador Allende y Santiago de la Hoz), Col. Benito Juárez, 93606 Martínez de la Torre, Ver.",6861187332,,,,,20.07297108,-97.03721071,local,denue-2026-05,30102722514002411000000000U2,Restaurantes con servicio de preparación de tacos y tortas,0 a 5 personas,2024-11
Taquería Yuma,restaurantes,🍽️ Restaurantes,🍽️,Tacos y tortas en el centro de Martínez de la Torre.,"Vicente Guerrero 615, Centro, 93600 Martínez de la Torre, Ver.",2321141674,,,,,20.06550845,-97.05540787,local,denue-2026-05,30102722514002451000000000U8,Restaurantes con servicio de preparación de tacos y tortas,0 a 5 personas,2024-11
Taquería el Brasero,restaurantes,🍽️ Restaurantes,🍽️,"Tacos y tortas en la colonia Constitución, Martínez de la Torre.","Hermenegildo Galeana 300, Col. Constitución, 93600 Martínez de la Torre, Ver.",2321409999,,,,,20.0615153,-97.06043454,local,denue-2026-05,30102722219000421000000000U9,Restaurantes con servicio de preparación de tacos y tortas,0 a 5 personas,2010-07
Taquería el Sausito,restaurantes,🍽️ Restaurantes,🍽️,Tacos y tortas en el centro de Martínez de la Torre.,"Av. 5 de Febrero s/n (entre Mariano Abasolo y Ignacio Allende), Centro, 93600 Martínez de la Torre, Ver.",2321202783,,,,,20.06408383,-97.05829926,local,denue-2026-05,30102722514001771000000000U0,Restaurantes con servicio de preparación de tacos y tortas,0 a 5 personas,2019-11
Taquería la Esquina,restaurantes,🍽️ Restaurantes,🍽️,Tacos y tortas en el centro de Martínez de la Torre.,"Av. Pedro Belli s/n (entre Nicolás Bravo y Guadalupe Victoria), Centro, 93600 Martínez de la Torre, Ver.",2321431153,,,,,20.05955679,-97.05811093,local,denue-2026-05,30102722514002161000000000U3,Restaurantes con servicio de preparación de tacos y tortas,0 a 5 personas,2024-11
Taquería la Fragua,restaurantes,🍽️ Restaurantes,🍽️,"Tacos y tortas en la colonia Benito Juárez, Martínez de la Torre.","Fernando López Arias 411, Col. Benito Juárez, 93606 Martínez de la Torre, Ver.",2323235268,,,,,20.07361832,-97.03681483,local,denue-2026-05,30102722514000911000000000U3,Restaurantes con servicio de preparación de tacos y tortas,0 a 5 personas,2014-12
Taquería la Piedrita,restaurantes,🍽️ Restaurantes,🍽️,Tacos y tortas en el centro de Martínez de la Torre.,"Mariano Abasolo 610, Centro, 93600 Martínez de la Torre, Ver.",2321291992,,,,,20.06380244,-97.05848611,local,denue-2026-05,30102722514001462000000000U6,Restaurantes con servicio de preparación de tacos y tortas,6 a 10 personas,2019-11
Taquería la Take,restaurantes,🍽️ Restaurantes,🍽️,"Tacos y tortas en la colonia Patria, Martínez de la Torre.","Av. Ignacio de la Llave s/n (entre Nicolás Bravo y Guadalupe Victoria), Col. Patria, 93600 Martínez de la Torre, Ver.",2321551905,,,,,20.06227849,-97.05970868,local,denue-2026-05,30102722514001951000000000U8,Restaurantes con servicio de preparación de tacos y tortas,0 a 5 personas,2024-11
Taquería los Cajetes,restaurantes,🍽️ Restaurantes,🍽️,Tacos y tortas en el centro de Martínez de la Torre.,"Av. 5 de Febrero 211, Centro, 93600 Martínez de la Torre, Ver.",2321278869,,,,,20.06411088,-97.05825123,local,denue-2026-05,30102722219001582001000000U7,Restaurantes con servicio de preparación de tacos y tortas,6 a 10 personas,2010-07
Taquería los Cajetes 2,restaurantes,🍽️ Restaurantes,🍽️,Tacos y tortas en el centro de Martínez de la Torre.,"Av. Maximino Ávila Camacho 605B, Centro, 93600 Martínez de la Torre, Ver.",2321124650,,,,,20.06409632,-97.05090614,local,denue-2026-05,30102722514000681001000000U2,Restaurantes con servicio de preparación de tacos y tortas,6 a 10 personas,2010-07
Venta Antojitos Doña Reina,restaurantes,🍽️ Restaurantes,🍽️,"Antojitos en la colonia Vista Hermosa, Martínez de la Torre.","Circuito David de la Torre s/n (entre 6 de Febrero y Francisco Villa), Col. Vista Hermosa, 93608 Martínez de la Torre, Ver.",7731018241,,,,,20.07445854,-97.0719182,local,denue-2026-05,30102722513001661000000000U5,Restaurantes con servicio de preparación de antojitos,0 a 5 personas,2019-11
Venta de Antojitos Adriana,restaurantes,🍽️ Restaurantes,🍽️,"Antojitos en la colonia Chapultepec, Martínez de la Torre.","Cosamaloapan s/n (entre Av. Veracruz y Av. Xalapa), Col. Chapultepec, 93603 Martínez de la Torre, Ver.",2321161330,,,,,20.07753639,-97.056347,local,denue-2026-05,30102461110012031010000000U8,Restaurantes con servicio de preparación de antojitos,0 a 5 personas,2019-11
Venta de Antojitos Chino,restaurantes,🍽️ Restaurantes,🍽️,"Antojitos en la colonia Ejidal, Martínez de la Torre.","Adolfo López Mateos 708B, Col. Ejidal, 93606 Martínez de la Torre, Ver.",2321056027,,,,,20.06989941,-97.04532558,local,denue-2026-05,30102722513000921000000000U4,Restaurantes con servicio de preparación de antojitos,0 a 5 personas,2014-12
Venta de Antojitos Doris,restaurantes,🍽️ Restaurantes,🍽️,"Antojitos en la colonia Paraíso, Martínez de la Torre.","Av. 5 de Febrero 99, Plaza San Juan local 53, Col. Paraíso, 93603 Martínez de la Torre, Ver.",2321241908,,,,,20.06490472,-97.05694658,local,denue-2026-05,30102722513000401000000000U7,Restaurantes con servicio de preparación de antojitos,0 a 5 personas,2014-12
Venta de Antojitos Nancy,restaurantes,🍽️ Restaurantes,🍽️,"Tacos y tortas en la colonia José López Portillo, Martínez de la Torre.","Francisco Villa 133, Col. José López Portillo, 93600 Martínez de la Torre, Ver.",2321555182,,,,,20.06756116,-97.06368321,local,denue-2026-05,30102722219001271000000000U7,Restaurantes con servicio de preparación de tacos y tortas,0 a 5 personas,2010-07
Venta de Antojitos Patria,restaurantes,🍽️ Restaurantes,🍽️,Antojitos en el centro de Martínez de la Torre.,"Av. Ignacio de la Llave 310B, Centro, 93600 Martínez de la Torre, Ver.",2321246010,,,,,20.06294074,-97.05863718,local,denue-2026-05,30102722513000552000000000U7,Restaurantes con servicio de preparación de antojitos,6 a 10 personas,2010-07
Venta de Antojitos Patria,restaurantes,🍽️ Restaurantes,🍽️,Antojitos en el centro de Martínez de la Torre.,"Mariano Abasolo s/n (entre Av. General Ignacio Zaragoza y Av. Ignacio de la Llave), Centro, 93600 Martínez de la Torre, Ver.",2321242090,,,,,20.06256359,-97.05774266,local,denue-2026-05,30102461121001261010000000U1,Restaurantes con servicio de preparación de antojitos,0 a 5 personas,2010-07
Venta de Antojitos Susy,restaurantes,🍽️ Restaurantes,🍽️,Antojitos en el centro de Martínez de la Torre.,"Miguel Hidalgo y Costilla s/n, Centro, 93600 Martínez de la Torre, Ver.",2321412959,,,,,20.06092919,-97.05463555,local,denue-2026-05,30102722513001081000000000U6,Restaurantes con servicio de preparación de antojitos,0 a 5 personas,2010-07
Venta de Antojitos la Chinita,restaurantes,🍽️ Restaurantes,🍽️,"Antojitos en la colonia Ejidal, Martínez de la Torre.","Severo Maldonado s/n (entre Santiago de la Hoz y Antonio Soto y Gama), Col. Ejidal, 93606 Martínez de la Torre, Ver.",2321172153,,,,,20.0684351,-97.04469241,local,denue-2026-05,30102722513002851000000000U1,Restaurantes con servicio de preparación de antojitos,0 a 5 personas,2024-11
Venta de Antojitos la Virgencita,restaurantes,🍽️ Restaurantes,🍽️,Antojitos en el centro de Martínez de la Torre.,"Mariano Matamoros s/n (entre Av. Pedro Belli y Av. Maximino Ávila Camacho), Centro, 93600 Martínez de la Torre, Ver.",2321471411,,,,,20.06273212,-97.05254892,local,denue-2026-05,30102722513002631000000000U7,Restaurantes con servicio de preparación de antojitos,0 a 5 personas,2024-11
Venta de Comida Sushi Maki,restaurantes,🍽️ Restaurantes,🍽️,"Restaurante en la colonia San Juan Aragon, Martínez de la Torre.","Cuauhtémoc s/n (entre Alvaro Obregon y Calle del Canal (emiliano Zapata)), Col. San Juan Aragon, 93605 Martínez de la Torre, Ver.",2321108975,,,,,20.07325223,-97.03367971,local,denue-2026-05,30102722516000231000000000U1,Restaurantes de autoservicio,0 a 5 personas,2024-11
Venta de Comida el Taquito Playero,restaurantes,🍽️ Restaurantes,🍽️,Restaurante de comida corrida y a la carta en el centro de Martínez de la Torre.,"Mariano Abasolo s/n (entre Enrique Lausher y Av. Ignacio de la Llave), Centro, 93600 Martínez de la Torre, Ver.",2294387206,,,,,20.0634279,-97.05841421,local,denue-2026-05,30102722511000791000000000U5,Restaurantes con servicio de preparación de alimentos a la carta o de comida corrida,0 a 5 personas,2024-11
Venta de Comida la Cabañita,restaurantes,🍽️ Restaurantes,🍽️,"Restaurante de comida corrida y a la carta en la colonia San Manuel, Martínez de la Torre.","Carr. Federal Martínez San Rafael s/n, Col. San Manuel, 93604 Martínez de la Torre, Ver.",2322203781,,,,,20.08027106,-97.03286914,local,denue-2026-05,30102722511000421000000000U9,Restaurantes con servicio de preparación de alimentos a la carta o de comida corrida,0 a 5 personas,2014-12
Venta de Comida y Antojitos Eli,restaurantes,🍽️ Restaurantes,🍽️,"Restaurante de comida corrida y a la carta en la colonia Melchor Ocampo, Martínez de la Torre.","Av. 5 de Febrero 6, Col. Melchor Ocampo, 93603 Martínez de la Torre, Ver.",2321583307,,,,,20.06459666,-97.05753334,local,denue-2026-05,30102722519001121010000000U7,Restaurantes con servicio de preparación de alimentos a la carta o de comida corrida,0 a 5 personas,2019-11
Venta de Comida y Cerveza Comedor Limoneros,restaurantes,🍽️ Restaurantes,🍽️,"Restaurante de comida corrida y a la carta en la colonia San Manuel, Martínez de la Torre.","Carr. Libramiento Martínez de la Torre Tlapacoyan s/n, Bascula San Manuel local SN, Col. San Manuel, 93604 Martínez de la Torre, Ver.",2321567696,,,,,20.08026905,-97.03434828,local,denue-2026-05,30102722511000491000000000U2,Restaurantes con servicio de preparación de alimentos a la carta o de comida corrida,0 a 5 personas,2019-11
Venta de Jugos Naturia,restaurantes,🍽️ Restaurantes,🍽️,Restaurante en el centro de Martínez de la Torre.,"Mariano Abasolo s/n (entre Av. Pedro Belli y Av. Maximino Ávila Camacho), Centro, 93600 Martínez de la Torre, Ver.",2284808091,,,,,20.06048076,-97.05652644,local,denue-2026-05,30102722516000221000000000U2,Restaurantes de autoservicio,0 a 5 personas,2024-11
Venta de Mariscos Costa Azul,restaurantes,🍽️ Restaurantes,🍽️,Restaurante de pescados y mariscos en el centro de Martínez de la Torre.,"José María Morelos y Pavon s/n (entre Av. General Ignacio Zaragoza y Av. Melchor Ocampo), Centro, 93600 Martínez de la Torre, Ver.",2323242031,,,,,20.06309856,-97.05499954,local,denue-2026-05,30102722219001051000000000U3,Restaurantes con servicio de preparación de pescados y mariscos,0 a 5 personas,2010-07
Venta de Tacos y Antojitos Geño,restaurantes,🍽️ Restaurantes,🍽️,Antojitos en el centro de Martínez de la Torre.,"Ignacio Aldama 303, Centro, 93600 Martínez de la Torre, Ver.",2321710111,,,,,20.06541185,-97.05106201,local,denue-2026-05,30102722513002331000000000U4,Restaurantes con servicio de preparación de antojitos,0 a 5 personas,2024-11
Venta de Tacos y Cemitas la Jarochita,restaurantes,🍽️ Restaurantes,🍽️,"Tacos y tortas en la colonia Melchor Ocampo, Martínez de la Torre.","Calle del Cedro 117, Col. Melchor Ocampo, 93603 Martínez de la Torre, Ver.",2323298972,,,,,20.07178228,-97.06279316,local,denue-2026-05,30102722514002111000000000U8,Restaurantes con servicio de preparación de tacos y tortas,0 a 5 personas,2024-11
Venta de Tamales Camy,restaurantes,🍽️ Restaurantes,🍽️,Antojitos en el centro de Martínez de la Torre.,"Nicolás Bravo 400, Centro, 93600 Martínez de la Torre, Ver.",2321182381,,,,,20.06140578,-97.05817163,local,denue-2026-05,30102722518000561000000000U7,Restaurantes con servicio de preparación de antojitos,0 a 5 personas,2019-11
Venta de Tlayoyos Hay Mamá,restaurantes,🍽️ Restaurantes,🍽️,"Antojitos en la colonia Paraíso, Martínez de la Torre.","Av. 5 de Febrero 103, Col. Paraíso, 93603 Martínez de la Torre, Ver.",2214097958,,,,,20.06501393,-97.05674906,local,denue-2026-05,30102722513002791000000000U9,Restaurantes con servicio de preparación de antojitos,0 a 5 personas,2024-11
Venta de Tlayoyos y Quesadillas Antojitos la Patrona,restaurantes,🍽️ Restaurantes,🍽️,Antojitos en el centro de Martínez de la Torre.,"Vicente Guerrero 308, Centro, 93600 Martínez de la Torre, Ver.",2321543207,,,,,20.06305132,-97.05379955,local,denue-2026-05,30102722513000241000000000U7,Restaurantes con servicio de preparación de antojitos,0 a 5 personas,2010-07
Venta de Tortas Vale,restaurantes,🍽️ Restaurantes,🍽️,Tacos y tortas en el centro de Martínez de la Torre.,"Ignacio López Rayón s/n (entre Av. Pedro Belli y Av. Maximino Ávila Camacho), Centro, 93600 Martínez de la Torre, Ver.",2323299950,,,,,20.06375147,-97.05112768,local,denue-2026-05,30102722514002051000000000U6,Restaurantes con servicio de preparación de tacos y tortas,0 a 5 personas,2024-11
231 Modatelas Martínez de la Torre,ropa,👗 Ropa,👗,Venta de telas y mercería en el centro de Martínez de la Torre.,"Ignacio Allende 300A, Centro, 93600 Martínez de la Torre, Ver.",5541803495,,,,https://www.modatelas.com,20.06144823,-97.05602982,local,denue-2026-05,30102463111000054002004471S0,Comercio al por menor de telas,6 a 10 personas,2014-12
Bazar Veros,ropa,👗 Ropa,👗,"Tienda de ropa en la colonia Melchor Ocampo, Martínez de la Torre.","Prol. Miguel Hidalgo y Costilla 11134, Col. Melchor Ocampo, 93603 Martínez de la Torre, Ver.",2321714828,,,,,20.0685932,-97.05938865,local,denue-2026-05,30102463211002611010000000U3,"Comercio al por menor de ropa, excepto de bebé y lencería",0 a 5 personas,2019-11
Boneteria y Corseteria Citlaly,ropa,👗 Ropa,👗,Zapatería en el centro de Martínez de la Torre.,"Av. Melchor Ocampo 315, Centro, 93600 Martínez de la Torre, Ver.",2321273667,,,,,20.06378643,-97.05335615,local,denue-2026-05,30102463310001001000000000U8,Comercio al por menor de calzado,0 a 5 personas,2014-12
Bordados y Uniformes,ropa,👗 Ropa,👗,Bordados y confección textil en el centro de Martínez de la Torre.,"Av. 5 de Febrero 202, Centro, 93600 Martínez de la Torre, Ver.",2323221628,,,,,20.0652685,-97.05610832,local,denue-2026-05,30102314991000021002000000U5,"Confección, bordado y deshilado de productos textiles",0 a 5 personas,2014-12
Boutique Animar,ropa,👗 Ropa,👗,Tienda de ropa en el centro de Martínez de la Torre.,"Vicente Guerrero 502B, Centro, 93600 Martínez de la Torre, Ver.",2211655481,,,,,20.0644029,-97.05460293,local,denue-2026-05,30102463211001821000000000U9,"Comercio al por menor de ropa, excepto de bebé y lencería",0 a 5 personas,2014-12
Boutique Boca de Fresa,ropa,👗 Ropa,👗,Tienda de ropa en el centro de Martínez de la Torre.,"Av. Melchor Ocampo 309B, Centro, 93600 Martínez de la Torre, Ver.",2321266687,,,,https://www.bocadefresa.com,20.06368965,-97.05353652,local,denue-2026-05,30102463211000131000000000U4,"Comercio al por menor de ropa, excepto de bebé y lencería",0 a 5 personas,2010-07
Boutique Caprichosa,ropa,👗 Ropa,👗,Tienda de ropa en el centro de Martínez de la Torre.,"Av. Pedro Belli 208, Centro, 93600 Martínez de la Torre, Ver.",2323236299,,,,,20.06166319,-97.05333772,local,denue-2026-05,30102463211003491000000000U9,"Comercio al por menor de ropa, excepto de bebé y lencería",0 a 5 personas,2024-11
Boutique Habanna,ropa,👗 Ropa,👗,Tienda de ropa en el centro de Martínez de la Torre.,"Miguel Hidalgo y Costilla 1, Rosendo Topete Ibañez local 167 168, Centro, 93600 Martínez de la Torre, Ver.",2321106465,,,,,20.06258027,-97.05574526,local,denue-2026-05,30102465912001621010000000U4,"Comercio al por menor de ropa, excepto de bebé y lencería",0 a 5 personas,2019-11
Boutique Joss,ropa,👗 Ropa,👗,"Tienda de ropa en la colonia Unión, Martínez de la Torre.","Hermenegildo Galeana s/n (entre Centenario del 5 de Mayo y Av. 5 de Febrero), Col. Unión, 93600 Martínez de la Torre, Ver.",2321475753,,,,,20.06306822,-97.06133835,local,denue-2026-05,30102463211003151000000000U9,"Comercio al por menor de ropa, excepto de bebé y lencería",0 a 5 personas,2024-11
Boutique Rachel,ropa,👗 Ropa,👗,Tienda de ropa en el centro de Martínez de la Torre.,"José María Morelos y Pavón 402, Centro, 93600 Martínez de la Torre, Ver.",2321746976,,,,,20.06313277,-97.05491205,local,denue-2026-05,30102463211003531000000000U2,"Comercio al por menor de ropa, excepto de bebé y lencería",0 a 5 personas,2025-04
Boutique de Ropa Purpura Chic,ropa,👗 Ropa,👗,Tienda de ropa en el centro de Martínez de la Torre.,"Vicente Guerrero 209B, Centro, 93600 Martínez de la Torre, Ver.",2232126897,,,,,20.06202629,-97.05330267,local,denue-2026-05,30102463211002201000000000U3,"Comercio al por menor de ropa, excepto de bebé y lencería",0 a 5 personas,2019-11
Boutique de Ropa de Bebe la Plaza del Bebe,ropa,👗 Ropa,👗,Ropa de bebé en el centro de Martínez de la Torre.,"Miguel Hidalgo y Costilla 402, Centro, 93600 Martínez de la Torre, Ver.",2323240940,,,,,20.06262993,-97.05565029,local,denue-2026-05,30102463212000111000000000U4,Comercio al por menor de ropa de bebé,0 a 5 personas,2010-07
Boutique de Ropa de Dama Beautiful Woman,ropa,👗 Ropa,👗,Tienda de ropa en el centro de Martínez de la Torre.,"Av. Maximino Ávila Camacho 208, Centro, 93600 Martínez de la Torre, Ver.",2321042717,,,,,20.06226049,-97.05410367,local,denue-2026-05,30102463211003621000000000U1,"Comercio al por menor de ropa, excepto de bebé y lencería",0 a 5 personas,2025-04
Boutique de Ropa de Dama Elibett,ropa,👗 Ropa,👗,Tienda de ropa en el centro de Martínez de la Torre.,"Av. Pedro Belli 105, Centro, 93600 Martínez de la Torre, Ver.",2321429981,,,,,20.06077234,-97.05503888,local,denue-2026-05,30102463211003641000000000U9,"Comercio al por menor de ropa, excepto de bebé y lencería",0 a 5 personas,2025-04
Confeccion de Uniformes Deportivos Olimpico,ropa,👗 Ropa,👗,"Confección de ropa en la colonia Melchor Ocampo, Martínez de la Torre.","Av. 5 de Febrero 4, Col. Melchor Ocampo, 93603 Martínez de la Torre, Ver.",2321408385,,,,,20.06467377,-97.05738668,local,denue-2026-05,30102315223000091000000000U5,Confección en serie de uniformes,0 a 5 personas,2014-12
Distribuidora de Calzado el Paseo de las Estrellas,ropa,👗 Ropa,👗,Zapatería en el centro de Martínez de la Torre.,"José María Morelos y Pavon s/n (entre Av. Maximino Ávila Camacho y Av. Melchor Ocampo), Centro, 93600 Martínez de la Torre, Ver.",2321186077,,,,,20.06247907,-97.05462786,local,denue-2026-05,30102463310001281000000000U6,Comercio al por menor de calzado,0 a 5 personas,2019-11
Echura de Ropa Sobre Medida,ropa,👗 Ropa,👗,"Confección de ropa en la colonia Visita Hermosa, Martínez de la Torre.","Priv. Diana Laura Riojas de Colosio 311, Col. Visita Hermosa, 93608 Martínez de la Torre, Ver.",2323235259,,,,,20.07927734,-97.06958704,local,denue-2026-05,30102315225000211000000000U4,Confección de prendas de vestir sobre medida,0 a 5 personas,2019-11
El Closet de Sam,ropa,👗 Ropa,👗,Tienda de ropa en el centro de Martínez de la Torre.,"Miguel Hidalgo y Costilla 307C, Centro, 93600 Martínez de la Torre, Ver.",2321054009,,,,,20.0619517,-97.05536376,local,denue-2026-05,30102463211000411000000000U0,"Comercio al por menor de ropa, excepto de bebé y lencería",0 a 5 personas,2010-07
Elaboración y Reparación de Ropa,ropa,👗 Ropa,👗,"Confección de ropa en la colonia 20 de Noviembre, Martínez de la Torre.","Niños Héroes 421, Col. 20 de Noviembre, 93608 Martínez de la Torre, Ver.",2321569909,,,,,20.07708654,-97.06978456,local,denue-2026-05,30102315225000271000000000U8,Confección de prendas de vestir sobre medida,0 a 5 personas,2021-05
Ilusion,ropa,👗 Ropa,👗,Lencería en el centro de Martínez de la Torre.,"Centro, 93600 Martínez de la Torre, Ver.",7821291512,,,,,20.06071129,-97.05418855,local,denue-2026-05,30102463213000062000000000U7,Comercio al por menor de lencería,6 a 10 personas,2014-12
Joyería Perla Acero Inox Pk,ropa,👗 Ropa,👗,Bisutería y accesorios en el centro de Martínez de la Torre.,"Av. General Ignacio Zaragoza 309B, Centro, 93600 Martínez de la Torre, Ver.",5512671125,,,,,20.06440133,-97.05411173,local,denue-2026-05,30102463215000571000000000U2,Comercio al por menor de bisutería y accesorios de vestir,0 a 5 personas,2024-11
Lenceria Zidhya,ropa,👗 Ropa,👗,Lencería en el centro de Martínez de la Torre.,"Av. Maximino Ávila Camacho 110, Pasaje San Francisco local 8, Centro, 93600 Martínez de la Torre, Ver.",2321276895,,,,,20.06156554,-97.05562621,local,denue-2026-05,30102463213000091000000000U6,Comercio al por menor de lencería,0 a 5 personas,2014-12
Ropa Americana Mady,ropa,👗 Ropa,👗,"Venta de artículos usados en la colonia Vista Hermosa, Martínez de la Torre.","Blvd. Magistral s/n (entre Ingeniero Jesús de la Torre Sánchez y Licenciado Miguel Alemán Velasco), Col. Vista Hermosa, 93608 Martínez de la Torre, Ver.",2321087570,,,,,20.07748251,-97.0706924,local,denue-2026-05,30102466410002141000000000U6,Comercio al por menor de artículos usados,0 a 5 personas,2024-11
Sastreria Aguilar,ropa,👗 Ropa,👗,Confección de ropa en el centro de Martínez de la Torre.,"Mariano Abasolo 604B, Centro, 93600 Martínez de la Torre, Ver.",2321058244,,,,,20.0635908,-97.05836743,local,denue-2026-05,30102315225000081000000000U1,Confección de prendas de vestir sobre medida,0 a 5 personas,2010-07
Solutions,ropa,👗 Ropa,👗,"Tienda de ropa en la colonia Palo Blanco, Martínez de la Torre.","Carr. Federal Martínez San Rafael s/n (entre Fresno y Caoba), Col. Palo Blanco, 93605 Martínez de la Torre, Ver.",2293653058,,,,,20.08393905,-97.02735939,local,denue-2026-05,30102463211003721000000000U9,"Comercio al por menor de ropa, excepto de bebé y lencería",0 a 5 personas,2025-04
Taller de Bordado Textil y Serigrafia Bordados Imaginarte,ropa,👗 Ropa,👗,Bordados y confección textil en el centro de Martínez de la Torre.,"Av. General Ignacio Zaragoza 419, Centro, 93600 Martínez de la Torre, Ver.",2323248250,,,,,20.06362775,-97.05536066,local,denue-2026-05,30102314991000041000000000U3,"Confección, bordado y deshilado de productos textiles",0 a 5 personas,2019-11
Taller de Costura Jb Uniformes,ropa,👗 Ropa,👗,Confección de ropa en el centro de Martínez de la Torre.,"Av. 5 de Febrero 303, Centro, 93600 Martínez de la Torre, Ver.",2321134430,,,,,20.06374665,-97.05891415,local,denue-2026-05,30102315223000111000000000U1,Confección en serie de uniformes,0 a 5 personas,2019-11
Tienda de Hilos y Costuras del Mercado,ropa,👗 Ropa,👗,Venta de telas y mercería en el centro de Martínez de la Torre.,"Miguel Hidalgo y Costilla 1, Rosendo Topete Ibañez local 156 157, Centro, 93600 Martínez de la Torre, Ver.",2323735271,,,,,20.06258027,-97.05574526,local,denue-2026-05,30102463113000041000000000U3,Comercio al por menor de artículos de mercería y bonetería,0 a 5 personas,2010-07
Tienda de Novedades y Ropa la Entradita,ropa,👗 Ropa,👗,Tienda de ropa en el centro de Martínez de la Torre.,"Av. Melchor Ocampo 211, Centro, 93600 Martínez de la Torre, Ver.",2323227046,,,,,20.06308933,-97.0546518,local,denue-2026-05,30102463211002391000000000U2,"Comercio al por menor de ropa, excepto de bebé y lencería",0 a 5 personas,2019-11
Tienda de Ropa Americana Karens,ropa,👗 Ropa,👗,Venta de artículos usados en el centro de Martínez de la Torre.,"Av. Melchor Ocampo 200, Edificio Pañeda local SN, Centro, 93600 Martínez de la Torre, Ver.",2322271990,,,,,20.06202932,-97.05664895,local,denue-2026-05,30102466410002181000000000U2,Comercio al por menor de artículos usados,0 a 5 personas,2024-11
Tienda de Ropa Boutique Skarlett,ropa,👗 Ropa,👗,Tienda de ropa en el centro de Martínez de la Torre.,"Vicente Guerrero 300E, Centro, 93600 Martínez de la Torre, Ver.",2323731524,,,,,20.06279913,-97.05364968,local,denue-2026-05,30102463211002051000000000U2,"Comercio al por menor de ropa, excepto de bebé y lencería",0 a 5 personas,2010-07
Tienda de Ropa Junior Bazar,ropa,👗 Ropa,👗,Venta de artículos usados en el centro de Martínez de la Torre.,"Av. Melchor Ocampo 308AB, Centro, 93600 Martínez de la Torre, Ver.",2323245394,,,,,20.06344297,-97.0538131,local,denue-2026-05,30102466410001781000000000U0,Comercio al por menor de artículos usados,0 a 5 personas,2024-11
Tienda de Ropa Leiden,ropa,👗 Ropa,👗,Tienda de ropa en el centro de Martínez de la Torre.,"Vicente Guerrero 203, Centro, 93600 Martínez de la Torre, Ver.",2321409777,,,,,20.06193395,-97.05324817,local,denue-2026-05,30102463211003171000000000U7,"Comercio al por menor de ropa, excepto de bebé y lencería",0 a 5 personas,2024-11
Tienda de Ropa Shein,ropa,👗 Ropa,👗,Tienda de ropa en el centro de Martínez de la Torre.,"Vicente Guerrero 408A, Centro, 93600 Martínez de la Torre, Ver.",2321599046,,,,,20.06366135,-97.05416216,local,denue-2026-05,30102463211003411000000000U7,"Comercio al por menor de ropa, excepto de bebé y lencería",0 a 5 personas,2024-11
Tienda de Ropa de Segunda,ropa,👗 Ropa,👗,"Venta de artículos usados en la colonia Costa Esmeralda, Martínez de la Torre.","Cosamaloapan 117, Col. Costa Esmeralda, 93608 Martínez de la Torre, Ver.",2321088847,,,,,20.07597976,-97.0787767,local,denue-2026-05,30102466410002151000000000U5,Comercio al por menor de artículos usados,0 a 5 personas,2024-11
Tienda de Ropa para Dama y Novedades Davalos,ropa,👗 Ropa,👗,Tienda de ropa en el centro de Martínez de la Torre.,"Av. Maximino Ávila Camacho 301D, Centro, 93600 Martínez de la Torre, Ver.",2321419623,,,,,20.06271944,-97.0534529,local,denue-2026-05,30102463211002651000000000U9,"Comercio al por menor de ropa, excepto de bebé y lencería",0 a 5 personas,2019-11
Tienda de Sandalias Chanclitas,ropa,👗 Ropa,👗,Zapatería en el centro de Martínez de la Torre.,"Vicente Guerrero 306, Centro, 93600 Martínez de la Torre, Ver.",5621723107,,,,,20.06291305,-97.05371737,local,denue-2026-05,30102463310001451000000000U5,Comercio al por menor de calzado,0 a 5 personas,2024-11
Tienda de Vestidos para Eventos Sociales Novias Elegantes,ropa,👗 Ropa,👗,"Vestidos de novia, disfraces y ropa regional en el centro de Martínez de la Torre.","José María Morelos y Pavon 304, Centro, 93600 Martínez de la Torre, Ver.",2321187417,,,,https://www.noviaselegantes.mx,20.06235868,-97.05455563,local,denue-2026-05,30102463214000011000000000U2,"Comercio al por menor de disfraces, vestimenta regional y vestidos de novia",0 a 5 personas,2010-07
Trikess,ropa,👗 Ropa,👗,"Lencería en la colonia Ejidal, Martínez de la Torre.","Adolfo López Mateos 52E, Col. Ejidal, 93606 Martínez de la Torre, Ver.",2321031761,,,,,20.07113072,-97.04374767,local,denue-2026-05,30102463211000951000000000U5,Comercio al por menor de lencería,0 a 5 personas,2010-07
Venta de Cuarzos y Bisuteria Artesanal Creaciones Luna,ropa,👗 Ropa,👗,Bisutería y accesorios en el centro de Martínez de la Torre.,"Av. Maximino Ávila Camacho s/n (entre José María Morelos y Pavon y Miguel Hidalgo y Costilla), Centro, 93600 Martínez de la Torre, Ver.",2323235590,,,,,20.06216297,-97.05449982,local,denue-2026-05,30102463215000581000000000U1,Comercio al por menor de bisutería y accesorios de vestir,0 a 5 personas,2024-11
Venta de Ropa Americana Macalito,ropa,👗 Ropa,👗,Venta de artículos usados en el centro de Martínez de la Torre.,"Av. General Ignacio Zaragoza s/n (entre Miguel Hidalgo y Costilla y José María Morelos y Pavon), Centro, 93600 Martínez de la Torre, Ver.",2321423619,,,,,20.06346601,-97.05565525,local,denue-2026-05,30102466410000731000000000U6,Comercio al por menor de artículos usados,0 a 5 personas,2010-07
Venta de Ropa Americana el Segundazo,ropa,👗 Ropa,👗,Venta de artículos usados en el centro de Martínez de la Torre.,"Mariano Abasolo 406, Centro, 93600 Martínez de la Torre, Ver.",2322271990,,,,,20.06236744,-97.05762834,local,denue-2026-05,30102466410002221000000000U6,Comercio al por menor de artículos usados,0 a 5 personas,2024-11
Venta de Ropa Boutique Bloom,ropa,👗 Ropa,👗,Tienda de ropa en el centro de Martínez de la Torre.,"Av. Maximino Ávila Camacho 317C, Centro, 93600 Martínez de la Torre, Ver.",2321093166,,,,,20.06298001,-97.05296616,local,denue-2026-05,30102463211002251000000000U8,"Comercio al por menor de ropa, excepto de bebé y lencería",0 a 5 personas,2019-11
Venta de Ropa Miksu Bazar,ropa,👗 Ropa,👗,"Venta de artículos usados en la colonia Vista Hermosa, Martínez de la Torre.","José María Morelos y Pavon s/n (entre Veracruz y Blvd. Magistral), Col. Vista Hermosa, 93608 Martínez de la Torre, Ver.",2321081456,,,,,20.07807376,-97.06910146,local,denue-2026-05,30102463211002921010000000U6,Comercio al por menor de artículos usados,0 a 5 personas,2020-11
Venta de Ropa Pink y Blue,ropa,👗 Ropa,👗,Venta de artículos usados en el centro de Martínez de la Torre.,"Av. 5 de Febrero 201, Centro, 93600 Martínez de la Torre, Ver.",2232113784,,,,,20.06425508,-97.05799522,local,denue-2026-05,30102466410002301000000000U6,Comercio al por menor de artículos usados,0 a 5 personas,2024-11
Venta de Ropa Shein,ropa,👗 Ropa,👗,Tienda de ropa en el centro de Martínez de la Torre.,"Av. Pedro Belli 206, Centro, 93600 Martínez de la Torre, Ver.",2321406235,,,,,20.06155695,-97.05354617,local,denue-2026-05,30102463211003131000000000U1,"Comercio al por menor de ropa, excepto de bebé y lencería",0 a 5 personas,2024-11
Venta de Ropa Usada,ropa,👗 Ropa,👗,"Venta de artículos usados en la colonia Colosio, Martínez de la Torre.","José Vasconcelos s/n (entre Justo Sierra y Blvd. Patricio Chirinos Calero), Col. Colosio, 93608 Martínez de la Torre, Ver.",2321244640,,,,,20.07414266,-97.07632941,local,denue-2026-05,30102466410001371000000000U0,Comercio al por menor de artículos usados,0 a 5 personas,2019-11
Venta de Ropa de Dama Divas Boutique,ropa,👗 Ropa,👗,Tienda de ropa en el centro de Martínez de la Torre.,"Av. Maximino Ávila Camacho s/n (entre Miguel Hidalgo y Costilla y Ignacio Allende), Centro, 93600 Martínez de la Torre, Ver.",2321443356,,,,,20.06161887,-97.05531699,local,denue-2026-05,30102463211001571000000000U0,"Comercio al por menor de ropa, excepto de bebé y lencería",0 a 5 personas,2010-07
Venta de Sandalias y Ropa el Mundo de la Sandalia y Algo Más,ropa,👗 Ropa,👗,Zapatería en el centro de Martínez de la Torre.,"Av. Melchor Ocampo s/n (entre Miguel Hidalgo y Costilla y Ignacio Allende), Centro, 93600 Martínez de la Torre, Ver.",2321103834,,,,,20.06243012,-97.0556911,local,denue-2026-05,30102463310001061000000000U2,Comercio al por menor de calzado,0 a 5 personas,2010-07
Yoko,ropa,👗 Ropa,👗,Zapatería en el centro de Martínez de la Torre.,"Av. General Ignacio Zaragoza 280, Centro, 93600 Martínez de la Torre, Ver.",2282125165,,,,,20.06267658,-97.05728126,local,denue-2026-05,30102463310001541000044182S3,Comercio al por menor de calzado,0 a 5 personas,2026-04
Zapatería Cabrera,ropa,👗 Ropa,👗,Zapatería en el centro de Martínez de la Torre.,"Av. Melchor Ocampo 105, Centro, 93600 Martínez de la Torre, Ver.",2323240072,,,,,20.06270841,-97.05536329,local,denue-2026-05,30102463310000421000000000U9,Comercio al por menor de calzado,0 a 5 personas,2010-07
Zapatería Flexi,ropa,👗 Ropa,👗,"Zapatería en la colonia Adolfo Ruíz Cortines, Martínez de la Torre.","Blvd. Alfinio Flores Beltran 903, Col. Adolfo Ruíz Cortines, 93607 Martínez de la Torre, Ver.",7848421400,,,,,20.0711755,-97.06342033,local,denue-2026-05,30102463310000611000000000U5,Comercio al por menor de calzado,0 a 5 personas,2010-07
Zapatería Flexi,ropa,👗 Ropa,👗,Zapatería en el centro de Martínez de la Torre.,"Av. Maximino Ávila Camacho 216, Centro, 93600 Martínez de la Torre, Ver.",2323240791,,,,,20.06246728,-97.05371329,local,denue-2026-05,30102463310000751000000000U9,Comercio al por menor de calzado,0 a 5 personas,2010-07
Zapatería Nomada S,ropa,👗 Ropa,👗,Zapatería en el centro de Martínez de la Torre.,"Francisco Javier Mina s/n (entre Av. General Ignacio Zaragoza y Av. Melchor Ocampo), Centro, 93600 Martínez de la Torre, Ver.",2321034528,,,,,20.06481549,-97.05285391,local,denue-2026-05,30102463310001501000000000U7,Comercio al por menor de calzado,0 a 5 personas,2024-11
Zapatería Tres Hermanos,ropa,👗 Ropa,👗,Zapatería en el centro de Martínez de la Torre.,"Av. Melchor Ocampo 212, Centro, 93600 Martínez de la Torre, Ver.",2323248539,,,,https://zapateriatreshermanos.com.mx,20.06275006,-97.05528424,local,denue-2026-05,30102463310000713000000000U9,Comercio al por menor de calzado,6 a 10 personas,2010-07
Zapatería de Leon,ropa,👗 Ropa,👗,Zapatería en el centro de Martínez de la Torre.,"Miguel Hidalgo y Costilla 215, Centro, 93600 Martínez de la Torre, Ver.",2321476759,,,,,20.06136901,-97.05501007,local,denue-2026-05,30102463310001441000000000U6,Comercio al por menor de calzado,0 a 5 personas,2024-11
Zapatería el Taconazo,ropa,👗 Ropa,👗,Zapatería en el centro de Martínez de la Torre.,"Miguel Hidalgo y Costilla 1, Rosendo Topete Ibañez local 104, Centro, 93600 Martínez de la Torre, Ver.",2323243515,,,,,20.06258027,-97.05574526,local,denue-2026-05,30102463310000041000000000U5,Comercio al por menor de calzado,0 a 5 personas,2010-07
Almacen de Medicamentos Surtifarma.com,salud,🏥 Salud,💊,"Farmacia en la colonia San Manuel, Martínez de la Torre.","Blvd. Carlos Salinas de Gortari Rafael Martínez de la Torre s/n (entre Los Pinos y Adolfo Ruíz Cortines), Col. San Manuel, 93604 Martínez de la Torre, Ver.",2323245268,,,,https://surtifarma.com,20.07574898,-97.03915917,local,denue-2026-05,30102464111001121000000000U5,Farmacias sin minisúper,0 a 5 personas,2024-11
Centro Integral de Psicología y Nutrición,salud,🏥 Salud,💊,Consultorio de psicología en el centro de Martínez de la Torre.,"Av. Ignacio de la Llave 406, Centro, 93600 Martínez de la Torre, Ver.",2321453365,,,,,20.06730045,-97.05046154,local,denue-2026-05,30102621331000101000000000U2,Consultorios de psicología del sector privado,0 a 5 personas,2025-04
Centro Médico Dental San Ángel,salud,🏥 Salud,💊,Consultorio de medicina especializada en el centro de Martínez de la Torre.,"Privada Banjidal 3, Centro, 93600 Martínez de la Torre, Ver.",2283074037,,,,,20.06149727,-97.05669371,local,denue-2026-05,30102621113000571000000000U8,Consultorios de medicina especializada del sector privado,0 a 5 personas,2024-11
Centro de Fisioterapia Integral Proterapy,salud,🏥 Salud,💊,"Terapia física, ocupacional o de lenguaje en la colonia Constitución, Martínez de la Torre.","Av. Ignacio de la Llave 508, Col. Constitución, 93600 Martínez de la Torre, Ver.",2321567476,,,,,20.06207234,-97.06024631,local,denue-2026-05,30102621341000091000000000U4,"Consultorios del sector privado de audiología y de terapia ocupacional, física y del lenguaje",0 a 5 personas,2024-11
Centro de Rehabiltacion y Terapia Fisica Fisiovida,salud,🏥 Salud,💊,"Terapia física, ocupacional o de lenguaje en el centro de Martínez de la Torre.","Av. 5 de Febrero 402, Centro, 93600 Martínez de la Torre, Ver.",2321010959,,,,,20.06625131,-97.05431428,local,denue-2026-05,30102621341000031000000000U0,"Consultorios del sector privado de audiología y de terapia ocupacional, física y del lenguaje",0 a 5 personas,2019-11
Clases de Zumba Zona Fitnes Guzman,salud,🏥 Salud,💊,Gimnasio en el centro de Martínez de la Torre.,"Av. Pedro Belli 200, Centro, 93600 Martínez de la Torre, Ver.",2321331280,,,,,20.06139808,-97.05386515,local,denue-2026-05,30102611621000011100000000U9,Centros de acondicionamiento físico del sector privado,0 a 5 personas,2014-12
Clases de Zumba Zumbatino Studio,salud,🏥 Salud,💊,Gimnasio en el centro de Martínez de la Torre.,"Mariano Matamoros 210, Centro, 93600 Martínez de la Torre, Ver.",2321014337,,,,,20.06293295,-97.05267104,local,denue-2026-05,30102713943000421000000000U5,Centros de acondicionamiento físico del sector privado,0 a 5 personas,2024-11
Clínica Dental Cool Dent,salud,🏥 Salud,💊,Consultorio dental en el centro de Martínez de la Torre.,"José María Morelos y Pavon s/n (entre Av. 5 de Febrero y Av. Ignacio de la Llave), Centro, 93600 Martínez de la Torre, Ver.",2321461668,,,,,20.06484207,-97.05593698,local,denue-2026-05,30102621211000901000000000U9,Consultorios dentales del sector privado,0 a 5 personas,2024-11
Clínica Dental Crismal,salud,🏥 Salud,💊,"Consultorio dental en la colonia Ejidal, Martínez de la Torre.","Adolfo López Mateos s/n (entre Felipe Carrillo Puerto y Articulo 27), Col. Ejidal, 93606 Martínez de la Torre, Ver.",2321249899,,,,,20.06907402,-97.04642152,local,denue-2026-05,30102621211000761000000000U7,Consultorios dentales del sector privado,0 a 5 personas,2019-11
Clínica Dental Ortho Play,salud,🏥 Salud,💊,Consultorio dental en el centro de Martínez de la Torre.,"Av. Maximino Ávila Camacho 310, Centro, 93600 Martínez de la Torre, Ver.",2321133780,,,,,20.06067003,-97.0572833,local,denue-2026-05,30102621211000971000000000U2,Consultorios dentales del sector privado,0 a 5 personas,2024-11
Clínica Médica Dental,salud,🏥 Salud,💊,Consultorio dental en el centro de Martínez de la Torre.,"Av. Pedro Belli 100, Centro, 93600 Martínez de la Torre, Ver.",2321557327,,,,,20.0610057,-97.05460006,local,denue-2026-05,30102621211000221000000000U2,Consultorios dentales del sector privado,0 a 5 personas,2010-07
Clínica Odontologica Gonzalo Loyo Hernández,salud,🏥 Salud,💊,"Consultorio dental en la colonia Libertad, Martínez de la Torre.","12 de Septiembre 218, Col. Libertad, 93603 Martínez de la Torre, Ver.",2461066506,,,,,20.0787467,-97.05980768,local,denue-2026-05,30102621211000981000000000U1,Consultorios dentales del sector privado,0 a 5 personas,2024-11
Clínica San Judas Tadeo,salud,🏥 Salud,💊,Clínica en el centro de Martínez de la Torre.,"Av. Ignacio de la Llave 808, Centro, 93600 Martínez de la Torre, Ver.",2323732090,,,,,20.06744791,-97.05018875,local,denue-2026-05,30102621111000181001000000U0,Clínicas de consultorios médicos del sector privado,0 a 5 personas,2010-07
Clínica de Especialidades San Juan Bautista,salud,🏥 Salud,💊,"Hospital en la colonia El Mirador, Martínez de la Torre.","Cda. Agustín Lara 100, Col. El Mirador, 93607 Martínez de la Torre, Ver.",2323240220,,,,,20.05909025,-97.06374209,local,denue-2026-05,30102622111000013000000000U4,Hospitales generales del sector privado,11 a 30 personas,2010-07
Clínica de Rehabilitacion Morales,salud,🏥 Salud,💊,"Terapia física, ocupacional o de lenguaje en el centro de Martínez de la Torre.","Av. Pedro Belli 206A, Centro, 93600 Martínez de la Torre, Ver.",2321278825,,,,,20.06045672,-97.05575506,local,denue-2026-05,30102621341000111000000000U0,"Consultorios del sector privado de audiología y de terapia ocupacional, física y del lenguaje",0 a 5 personas,2024-11
Consultoria en Psicología Aplicada,salud,🏥 Salud,💊,Consultorio de psicología en el centro de Martínez de la Torre.,"Av. General Ignacio Zaragoza 311, Centro, 93600 Martínez de la Torre, Ver.",2323232466,,,,,20.06205128,-97.05828688,local,denue-2026-05,30102621331000041000000000U0,Consultorios de psicología del sector privado,0 a 5 personas,2014-12
Consultorio Dental Diseñando Sonrisas,salud,🏥 Salud,💊,Consultorio dental en el centro de Martínez de la Torre.,"Mariano Matamoros 301F, Centro, 93600 Martínez de la Torre, Ver.",2322202185,,,,,20.06323128,-97.05297027,local,denue-2026-05,30102621211000831000000000U8,Consultorios dentales del sector privado,0 a 5 personas,2024-11
Consultorio Dental Kena Dent,salud,🏥 Salud,💊,Consultorio dental en el centro de Martínez de la Torre.,"Guadalupe Victoria 319, Centro, 93600 Martínez de la Torre, Ver.",2321033499,,,,,20.06049162,-97.0587906,local,denue-2026-05,30102621211000801000000000U1,Consultorios dentales del sector privado,0 a 5 personas,2019-11
Consultorio Dental Sanmar Dent,salud,🏥 Salud,💊,"Consultorio dental en la colonia Colosio, Martínez de la Torre.","Blvd. Patricio Chirinos Calero s/n (entre José Vasconcelos y Callejón Santo Tomás), Col. Colosio, 93608 Martínez de la Torre, Ver.",2321272079,,,,,20.07389933,-97.07660845,local,denue-2026-05,30102621211001061000000000U1,Consultorios dentales del sector privado,0 a 5 personas,2026-04
Consultorio Dental Vita Dental,salud,🏥 Salud,💊,Consultorio dental en el centro de Martínez de la Torre.,"José María Morelos y Pavon 611, Centro, 93600 Martínez de la Torre, Ver.",2261151210,,,,,20.06495034,-97.05611055,local,denue-2026-05,30102621211000951000000000U4,Consultorios dentales del sector privado,0 a 5 personas,2024-11
Consultorio Dental Zermeño,salud,🏥 Salud,💊,Consultorio dental en el centro de Martínez de la Torre.,"José María Morelos y Pavon 512C, Centro, 93600 Martínez de la Torre, Ver.",2282934142,,,,,20.06438197,-97.05566153,local,denue-2026-05,30102621211000881000000000U3,Consultorios dentales del sector privado,0 a 5 personas,2024-11
Consultorio Dental Zuñiga,salud,🏥 Salud,💊,"Consultorio dental en la colonia Patria, Martínez de la Torre.","Av. Ignacio de la Llave 511, Col. Patria, 93600 Martínez de la Torre, Ver.",7821954378,,,,,20.06201561,-97.06019983,local,denue-2026-05,30102621211000931000000000U6,Consultorios dentales del sector privado,0 a 5 personas,2024-11
Consultorio Doctor Juan Miguel Huerta Sánchez,salud,🏥 Salud,💊,Consultorio de medicina general en el centro de Martínez de la Torre.,"Av. General Ignacio Zaragoza 305B, Centro, 93600 Martínez de la Torre, Ver.",2321353186,,,,,20.06429259,-97.05431887,local,denue-2026-05,30102621111000231000000000U3,Consultorios de medicina general del sector privado,0 a 5 personas,2010-07
Consultorio Doctora Araceli Galindo Arambulo,salud,🏥 Salud,💊,Consultorio de medicina especializada en el centro de Martínez de la Torre.,"José María Morelos y Pavon 512D, Centro, 93600 Martínez de la Torre, Ver.",2221755196,,,,,20.06441039,-97.05567859,local,denue-2026-05,30102621113000621000000000U1,Consultorios de medicina especializada del sector privado,0 a 5 personas,2024-11
Consultorio Dr. Márquez,salud,🏥 Salud,💊,Consultorio dental en el centro de Martínez de la Torre.,"Av. General Ignacio Zaragoza 413, Centro, 93600 Martínez de la Torre, Ver.",2321095833,,,,,20.06498678,-97.05302735,local,denue-2026-05,30102621211000681000000000U7,Consultorios dentales del sector privado,0 a 5 personas,2019-11
Consultorio Ginecología y Obstetricia,salud,🏥 Salud,💊,Consultorio de medicina especializada en el centro de Martínez de la Torre.,"Mariano Abasolo 407, Médicos Especialistas Asociados local C, Centro, 93600 Martínez de la Torre, Ver.",2323243020,,,,,20.06218938,-97.05766996,local,denue-2026-05,30102621113000371000000000U3,Consultorios de medicina especializada del sector privado,0 a 5 personas,2014-12
Consultorio Medicina Interna y Cardiologia,salud,🏥 Salud,💊,Consultorio de medicina especializada en el centro de Martínez de la Torre.,"Mariano Abasolo 407, Médicos Especialistas Asociados local D, Centro, 93600 Martínez de la Torre, Ver.",2323242323,,,,,20.06218938,-97.05766996,local,denue-2026-05,30102621113000421000000000U6,Consultorios de medicina especializada del sector privado,0 a 5 personas,2014-12
Consultorio Médico General,salud,🏥 Salud,💊,Consultorio de medicina general en el centro de Martínez de la Torre.,"Av. General Ignacio Zaragoza 119B, Centro, 93600 Martínez de la Torre, Ver.",2326900755,,,,,20.06362339,-97.05554243,local,denue-2026-05,30102621111000441000000000U8,Consultorios de medicina general del sector privado,0 a 5 personas,2019-11
Consultorio Médico de Dermatologia,salud,🏥 Salud,💊,Consultorio de medicina especializada en el centro de Martínez de la Torre.,"Av. Maximino Ávila Camacho 318, Unidad Médica San José local SN, Centro, 93600 Martínez de la Torre, Ver.",2313124344,,,,,20.06050511,-97.05758532,local,denue-2026-05,30102621113000591000000000U6,Consultorios de medicina especializada del sector privado,0 a 5 personas,2024-11
Consultorio Médico de Ginecología y Osbtetricia,salud,🏥 Salud,💊,"Consultorio de medicina especializada en la colonia Cuauhtémoc, Martínez de la Torre.","Blvd. Alfinio Flores Beltran 1021, Col. Cuauhtémoc, 93608 Martínez de la Torre, Ver.",2323735949,,,,,20.07261736,-97.06430208,local,denue-2026-05,30102621113000381000000000U2,Consultorios de medicina especializada del sector privado,0 a 5 personas,2014-12
Consultorio Médico de Medicina General,salud,🏥 Salud,💊,Consultorio de medicina general en el centro de Martínez de la Torre.,"José María Morelos y Pavon s/n (entre Av. General Ignacio Zaragoza y Av. Ignacio de la Llave), Centro, 93600 Martínez de la Torre, Ver.",2321232001,,,,,20.0641252,-97.0556155,local,denue-2026-05,30102621111000431000000000U9,Consultorios de medicina general del sector privado,0 a 5 personas,2019-11
Consultorio Oftalmologico Nueva Vision Oftalmologia Integral,salud,🏥 Salud,💊,Consultorio de medicina especializada en el centro de Martínez de la Torre.,"José María Morelos y Pavon 512B, Centro, 93600 Martínez de la Torre, Ver.",5580496973,,,,,20.0643644,-97.05565099,local,denue-2026-05,30102621113000611000000000U2,Consultorios de medicina especializada del sector privado,0 a 5 personas,2024-11
Consultorio Pediatra,salud,🏥 Salud,💊,Consultorio de medicina especializada en el centro de Martínez de la Torre.,"Mariano Abasolo 407, Médicos Especialistas Asociados local H, Centro, 93600 Martínez de la Torre, Ver.",2323241428,,,,,20.06218938,-97.05766996,local,denue-2026-05,30102621113000311000000000U9,Consultorios de medicina especializada del sector privado,0 a 5 personas,2010-07
Consultorio Podologico,salud,🏥 Salud,💊,Consultorio de salud en el centro de Martínez de la Torre.,"José María Morelos y Pavon 512E, Centro, 93600 Martínez de la Torre, Ver.",2321365284,,,,,20.06441711,-97.05568262,local,denue-2026-05,30102621398000211000000000U8,Otros consultorios del sector privado para el cuidado de la salud,0 a 5 personas,2024-11
Consultorio Terapeutico Efisio,salud,🏥 Salud,💊,"Terapia física, ocupacional o de lenguaje en el centro de Martínez de la Torre.","Privada Banjidal s/n (entre Av. Maximino Ávila Camacho y Av. Melchor Ocampo), Centro, 93600 Martínez de la Torre, Ver.",2226699512,,,,,20.06128188,-97.0565617,local,denue-2026-05,30102621341000071000000000U6,"Consultorios del sector privado de audiología y de terapia ocupacional, física y del lenguaje",0 a 5 personas,2024-11
Consultorio de Cirujano Dentista,salud,🏥 Salud,💊,Consultorio dental en el centro de Martínez de la Torre.,"Av. Maximino Ávila Camacho 318, Unidad Médica San José local 6, Centro, 93600 Martínez de la Torre, Ver.",2321166372,,,,,20.06050511,-97.05758532,local,denue-2026-05,30102621211000181000000000U8,Consultorios dentales del sector privado,0 a 5 personas,2010-07
Consultorio de Especialidad en Neurologia,salud,🏥 Salud,💊,Consultorio de medicina especializada en el centro de Martínez de la Torre.,"Francisco Javier Mina 163, Centro, 93600 Martínez de la Torre, Ver.",2222642401,,,,,20.06397955,-97.05223015,local,denue-2026-05,30102621113000301000000000U0,Consultorios de medicina especializada del sector privado,0 a 5 personas,2010-07
Consultorio de Medicina Tradicional China Apapacholiztli,salud,🏥 Salud,💊,"Consultorio de salud en la colonia Paraíso, Martínez de la Torre.","Av. 5 de Febrero 99, Plaza San Juan local 11, Col. Paraíso, 93603 Martínez de la Torre, Ver.",2322530576,,,,,20.06490472,-97.05694658,local,denue-2026-05,30102621398000161000000000U5,Otros consultorios del sector privado para el cuidado de la salud,0 a 5 personas,2024-11
Consultorio de Medicina en General,salud,🏥 Salud,💊,Consultorio de medicina general en el centro de Martínez de la Torre.,"José María Morelos y Pavon 608, Centro, 93600 Martínez de la Torre, Ver.",2323243813,,,,,20.06489894,-97.05597099,local,denue-2026-05,30102621111000221000000000U4,Consultorios de medicina general del sector privado,0 a 5 personas,2010-07
Consultorio de Oftalmologia,salud,🏥 Salud,💊,Consultorio de medicina especializada en el centro de Martínez de la Torre.,"Mariano Abasolo 407, Médicos Especialistas Asociados local F, Centro, 93600 Martínez de la Torre, Ver.",2323241312,,,,,20.06218938,-97.05766996,local,denue-2026-05,30102621113000241000000000U8,Consultorios de medicina especializada del sector privado,0 a 5 personas,2010-07
Consultorio de Ortodoncia y Porcelana Dental,salud,🏥 Salud,💊,Consultorio dental en el centro de Martínez de la Torre.,"Francisco Javier Mina 209, Centro, 93600 Martínez de la Torre, Ver.",2323240538,,,,,20.0632824,-97.05192576,local,denue-2026-05,30102621211000071000000000U1,Consultorios dentales del sector privado,0 a 5 personas,2010-07
Consultorio de Psicología Abiud Salas,salud,🏥 Salud,💊,Consultorio de psicología en el centro de Martínez de la Torre.,"Nicolás Bravo 404A, Centro, 93600 Martínez de la Torre, Ver.",2321972301,,,,,20.06167375,-97.05832524,local,denue-2026-05,30102621331000081000000000U6,Consultorios de psicología del sector privado,0 a 5 personas,2024-11
Consultorio de Traumatologia y Ortopedia Dr Raúl Almendra Montoya,salud,🏥 Salud,💊,Consultorio de medicina especializada en el centro de Martínez de la Torre.,"Av. Ignacio de la Llave 602A, Centro, 93600 Martínez de la Torre, Ver.",2321242731,,,,,20.06635612,-97.05217115,local,denue-2026-05,30102621113000631000000000U0,Consultorios de medicina especializada del sector privado,0 a 5 personas,2024-11
Cuidarte Laboratorio Clinico,salud,🏥 Salud,💊,Laboratorio de análisis clínicos en el centro de Martínez de la Torre.,"Vicente Guerrero 514, Centro, 93600 Martínez de la Torre, Ver.",2321273941,,,,https://www.cuidartelaboratorioclinico.com,20.06481772,-97.05484949,local,denue-2026-05,30102621511000531000000000U7,Laboratorios médicos y de diagnóstico del sector privado,0 a 5 personas,2024-11
Family Consultorio Dental,salud,🏥 Salud,💊,Consultorio dental en el centro de Martínez de la Torre.,"Av. Pedro Belli 300B, Centro, 93600 Martínez de la Torre, Ver.",2232147816,,,,,20.06188172,-97.05292023,local,denue-2026-05,30102621211000861000000000U5,Consultorios dentales del sector privado,0 a 5 personas,2024-11
Farmacia Almeida,salud,🏥 Salud,💊,"Farmacia en la colonia Vista Hermosa, Martínez de la Torre.","Blvd. Magistral s/n (entre Fernando Gutiérrez Barrios y Venustiano Carranza), Col. Vista Hermosa, 93608 Martínez de la Torre, Ver.",2323176000,,,,,20.07711858,-97.07114914,local,denue-2026-05,30102464111000071000000000U3,Farmacias sin minisúper,0 a 5 personas,2010-07
Farmacia Cristo Rey,salud,🏥 Salud,💊,Farmacia en el centro de Martínez de la Torre.,"Av. 5 de Febrero s/n (entre Nicolás Bravo y Mariano Abasolo), Centro, 93600 Martínez de la Torre, Ver.",2323245709,,,,,20.06386087,-97.05870089,local,denue-2026-05,30102464111000351000000000U9,Farmacias sin minisúper,0 a 5 personas,2010-07
Farmacia Duran,salud,🏥 Salud,💊,"Farmacia con minisúper en la colonia Benito Juárez, Martínez de la Torre.","Manuel Ávila Camacho 407, Col. Benito Juárez, 93606 Martínez de la Torre, Ver.",2321496057,,,,,20.07300201,-97.0373648,local,denue-2026-05,30102464111001091000000000U0,Farmacias con minisúper,0 a 5 personas,2024-11
Farmacia Geminis,salud,🏥 Salud,💊,"Farmacia en la colonia Colosio, Martínez de la Torre.","Blvd. Patricio Chirinos Calero s/n (entre José Vasconcelos y Callejón Santo Tomás), Col. Colosio, 93608 Martínez de la Torre, Ver.",2323733157,,,,,20.07290867,-97.07598129,local,denue-2026-05,30102464111000921000000000U9,Farmacias sin minisúper,0 a 5 personas,2019-11
Farmacia Hg,salud,🏥 Salud,💊,"Farmacia en la colonia Unidad Antorchista, Martínez de la Torre.","Av. Tenoch s/n (entre Santa Martha y Margarita Morán), Col. Unidad Antorchista, 93603 Martínez de la Torre, Ver.",2321408333,,,,,20.07538557,-97.05328827,local,denue-2026-05,30102464111001301000000000U3,Farmacias sin minisúper,0 a 5 personas,2025-04
Farmacia Mass,salud,🏥 Salud,💊,Farmacia en el centro de Martínez de la Torre.,"Av. General Ignacio Zaragoza 107, Centro, 93600 Martínez de la Torre, Ver.",2323733759,,,,,20.06347641,-97.05580609,local,denue-2026-05,30102464111000751000000000U0,Farmacias sin minisúper,0 a 5 personas,2019-11
Farmacia Mass,salud,🏥 Salud,💊,Farmacia en el centro de Martínez de la Torre.,"Miguel Hidalgo y Costilla 513A, Centro, 93600 Martínez de la Torre, Ver.",2326881321,,,,,20.06386572,-97.0565255,local,denue-2026-05,30102464111000951000000000U6,Farmacias sin minisúper,0 a 5 personas,2019-11
Farmacia Mayo,salud,🏥 Salud,💊,Farmacia en el centro de Martínez de la Torre.,"Av. Maximino Ávila Camacho s/n (entre Mariano Abasolo y Privada Banjidal), Centro, 93600 Martínez de la Torre, Ver.",2321631339,,,,,20.06110374,-97.05648786,local,denue-2026-05,30102464111001311000000000U2,Farmacias sin minisúper,0 a 5 personas,2025-04
Farmacia Niño Doctor,salud,🏥 Salud,💊,"Farmacia en la colonia La Gloria, Martínez de la Torre.","Col. La Gloria, 93604 Martínez de la Torre, Ver.",2321451134,,,,,20.08043433,-97.04784405,local,denue-2026-05,30102464111000011000000000U9,Farmacias sin minisúper,0 a 5 personas,2010-07
Farmacia San Ángel,salud,🏥 Salud,💊,"Farmacia en la colonia Yucatan, Martínez de la Torre.","Av. Manuel Ávila Camacho s/n (entre Manuel Zorrilla Rivera y Av. Pedro Belli), Col. Yucatan, 93607 Martínez de la Torre, Ver.",2321183510,,,,,20.05927439,-97.05976226,local,denue-2026-05,30102464111001201000000000U5,Farmacias sin minisúper,0 a 5 personas,2024-11
Farmacia Sesma,salud,🏥 Salud,💊,Farmacia en el centro de Martínez de la Torre.,"Av. Melchor Ocampo 100, Centro, 93600 Martínez de la Torre, Ver.",2323240194,,,,,20.06261006,-97.05535831,local,denue-2026-05,30102464111000181000000000U0,Farmacias sin minisúper,0 a 5 personas,2010-07
Farmacia de Dios,salud,🏥 Salud,💊,"Farmacia en la colonia Vicente Guerrero, Martínez de la Torre.","Carr. Libramiento Martínez de la Torre Tlapacoyan 118B, Col. Vicente Guerrero, 93603 Martínez de la Torre, Ver.",2288352327,,,,,20.07358291,-97.06349484,local,denue-2026-05,30102464111000881000000000U5,Farmacias sin minisúper,0 a 5 personas,2019-11
Farmacia la Esperanza,salud,🏥 Salud,💊,Farmacia con minisúper en el centro de Martínez de la Torre.,"Ignacio Allende 617, Centro, 93600 Martínez de la Torre, Ver.",2323731729,,,,,20.06405927,-97.05770731,local,denue-2026-05,30102464112000121000000000U4,Farmacias con minisúper,0 a 5 personas,2010-07
Farmacia y Consultorio del Pueblo,salud,🏥 Salud,💊,Farmacia en el centro de Martínez de la Torre.,"Mariano Matamoros 300F, Centro, 93600 Martínez de la Torre, Ver.",2321015806,,,,,20.06326459,-97.0528727,local,denue-2026-05,30102464111000461000000000U6,Farmacias sin minisúper,0 a 5 personas,2013-07
Farmacias Genericos y Similiares Omar,salud,🏥 Salud,💊,Tienda naturista en el centro de Martínez de la Torre.,"Av. Melchor Ocampo 210, Centro, 93600 Martínez de la Torre, Ver.",2323243713,,,,,20.06199803,-97.05670365,local,denue-2026-05,30102464111000061010000000U4,"Comercio al por menor de productos naturistas, medicamentos homeopáticos y de complementos alimenticios",0 a 5 personas,2010-07
Forza Italian Gym,salud,🏥 Salud,💊,Gimnasio en el centro de Martínez de la Torre.,"Mariano Matamoros 306, Centro, 93600 Martínez de la Torre, Ver.",7821166508,,,,,20.06474275,-97.05388944,local,denue-2026-05,30102713943000351000000000U4,Centros de acondicionamiento físico del sector privado,0 a 5 personas,2024-11
Gimnasio Gladiadores,salud,🏥 Salud,💊,Gimnasio en el centro de Martínez de la Torre.,"Av. Melchor Ocampo 105, Centro, 93600 Martínez de la Torre, Ver.",2321422308,,,,,20.06270841,-97.05536329,local,denue-2026-05,30102713943000041000000000U1,Centros de acondicionamiento físico del sector privado,0 a 5 personas,2010-07
Gimnasio Olympo,salud,🏥 Salud,💊,Gimnasio en el centro de Martínez de la Torre.,"Av. Melchor Ocampo 412, Centro, 93600 Martínez de la Torre, Ver.",2321373791,,,,,20.06391489,-97.05289905,local,denue-2026-05,30102713943000171000000000U6,Centros de acondicionamiento físico del sector privado,0 a 5 personas,2019-11
Ginecologo y Colposcopista,salud,🏥 Salud,💊,Consultorio de medicina especializada en el centro de Martínez de la Torre.,"Av. Maximino Ávila Camacho 319, Centro, 93600 Martínez de la Torre, Ver.",2321200704,,,,,20.06044725,-97.05749119,local,denue-2026-05,30102621113000271000000000U5,Consultorios de medicina especializada del sector privado,0 a 5 personas,2010-07
Inmedig de Diagnóstico,salud,🏥 Salud,💊,Farmacia en el centro de Martínez de la Torre.,"Av. Pedro Belli 212D, Centro, 93600 Martínez de la Torre, Ver.",2321035464,,,,,20.06018543,-97.05625597,local,denue-2026-05,30102464111001191000000000U8,Farmacias sin minisúper,0 a 5 personas,2024-11
La Boratorio Clinico la Paz,salud,🏥 Salud,💊,"Laboratorio de análisis clínicos en la colonia Benito Juárez, Martínez de la Torre.","Manuel Ávila Camacho s/n (entre Salvador Allende y 2 de Octubre), Col. Benito Juárez, 93606 Martínez de la Torre, Ver.",2321018314,,,,,20.0721553,-97.03664405,local,denue-2026-05,30102621511000581000000000U2,Laboratorios médicos y de diagnóstico del sector privado,0 a 5 personas,2026-04
Laboratorio Clínicos de la Hoz,salud,🏥 Salud,💊,Laboratorio de análisis clínicos en el centro de Martínez de la Torre.,"Mariano Abasolo 407, Médicos Especialistas Asociados local E, Centro, 93600 Martínez de la Torre, Ver.",2323733360,,,,,20.06218938,-97.05766996,local,denue-2026-05,30102621511000291001000000U8,Laboratorios médicos y de diagnóstico del sector privado,6 a 10 personas,2010-07
Laboratorio Vidasana,salud,🏥 Salud,💊,Laboratorio de análisis clínicos en el centro de Martínez de la Torre.,"Av. General Ignacio Zaragoza 110C, Centro, 93600 Martínez de la Torre, Ver.",2321477104,,,,,20.06330421,-97.0559498,local,denue-2026-05,30102621511000351000000000U0,Laboratorios médicos y de diagnóstico del sector privado,0 a 5 personas,2019-11
Laboratorio de Análisis Clínicos Santa María,salud,🏥 Salud,💊,Laboratorio de análisis clínicos en el centro de Martínez de la Torre.,"José María Morelos y Pavon 507, Centro, 93600 Martínez de la Torre, Ver.",2324395174,,,,https://www.laboratoriodeanalisisclinicossantamaria.com.mx,20.06415362,-97.05563255,local,denue-2026-05,30102621511000361000000000U9,Laboratorios médicos y de diagnóstico del sector privado,0 a 5 personas,2019-11
Laboratorio de Análisis Clínicos Vida Sana,salud,🏥 Salud,💊,"Laboratorio de análisis clínicos en la colonia Guadalupe Victoria, Martínez de la Torre.","Blvd. Carlos Salinas de Gortari Rafael Martínez de la Torre s/n (entre Av. 5 de Febrero y Nogales), Col. Guadalupe Victoria, 93603 Martínez de la Torre, Ver.",2323732271,,,,https://www.vidasana.connetionlab.netpacientes,20.07181113,-97.04458672,local,denue-2026-05,30102621511000201000000000U7,Laboratorios médicos y de diagnóstico del sector privado,0 a 5 personas,2014-12
Laboratorios Abarca,salud,🏥 Salud,💊,"Laboratorio de análisis clínicos en la colonia Saltillo, Martínez de la Torre.","Carr. Federal Martínez San Rafael s/n (entre Cedro y Durango), Hotel Plaza Delux local SN, Col. Saltillo, 93605 Martínez de la Torre, Ver.",2321232530,,,,,20.08268671,-97.02909284,local,denue-2026-05,30102621511000471000000000U6,Laboratorios médicos y de diagnóstico del sector privado,0 a 5 personas,2024-11
Laboratorios Abarca,salud,🏥 Salud,💊,"Laboratorio de análisis clínicos en la colonia San Vicente, Martínez de la Torre.","Carr. Libramiento Martínez de la Torre Tlapacoyan s/n, Col. San Vicente, 93601 Martínez de la Torre, Ver.",2321048574,,,,,20.07040198,-97.06986822,local,denue-2026-05,30102621511000181000000000U1,Laboratorios médicos y de diagnóstico del sector privado,0 a 5 personas,2014-12
Laboratorios de Análisis Clínicos America,salud,🏥 Salud,💊,Laboratorio de análisis clínicos en el centro de Martínez de la Torre.,"Av. Ignacio de la Llave 301, Centro, 93600 Martínez de la Torre, Ver.",7848489559,,,,,20.06500094,-97.05487912,local,denue-2026-05,30102621511000031000000000U8,Laboratorios médicos y de diagnóstico del sector privado,0 a 5 personas,2010-07
Laboratorios de Análisis Clínicos de la Hoz,salud,🏥 Salud,💊,"Laboratorio de análisis clínicos en la colonia El Mirador, Martínez de la Torre.","Blvd. Luis Donaldo Colosio Carretera Martínez Tlapacoyan s/n (entre Cancun y Las Palmas), Col. El Mirador, 93607 Martínez de la Torre, Ver.",2323240757,,,,,20.06023958,-97.08030982,local,denue-2026-05,30102621511000371000000000U8,Laboratorios médicos y de diagnóstico del sector privado,0 a 5 personas,2019-11
Odontología Infantil,salud,🏥 Salud,💊,Consultorio dental en el centro de Martínez de la Torre.,"Mariano Abasolo 407, Médicos Especialistas Asociados local 407, Centro, 93600 Martínez de la Torre, Ver.",2292941722,,,,,20.06218938,-97.05766996,local,denue-2026-05,30102621211000791000000000U4,Consultorios dentales del sector privado,0 a 5 personas,2019-11
Odontología y Spa,salud,🏥 Salud,💊,"Consultorio dental en la colonia Paraíso, Martínez de la Torre.","Cozumel 101, Col. Paraíso, 93603 Martínez de la Torre, Ver.",2321252950,,,,,20.07022998,-97.0595847,local,denue-2026-05,30102621211000991000000000U0,Consultorios dentales del sector privado,0 a 5 personas,2024-11
Podologia Carballo,salud,🏥 Salud,💊,Consultorio de salud en el centro de Martínez de la Torre.,"Vicente Guerrero 311C, Centro, 93600 Martínez de la Torre, Ver.",2321982190,,,,,20.06314513,-97.05397343,local,denue-2026-05,30102621398000221000000000U7,Otros consultorios del sector privado para el cuidado de la salud,0 a 5 personas,2024-11
Productos Naturales y Suplementos Alimenticios,salud,🏥 Salud,💊,Tienda naturista en el centro de Martínez de la Torre.,"Ignacio Allende 24, Centro, 93600 Martínez de la Torre, Ver.",2321971723,,,,,20.06090394,-97.05581673,local,denue-2026-05,30102464113000571000000000U8,"Comercio al por menor de productos naturistas, medicamentos homeopáticos y de complementos alimenticios",0 a 5 personas,2024-11
Radio Brigada de Auxilio de la República Mexicana Cruz Ambar,salud,🏥 Salud,💊,"Servicio de ambulancias en la colonia Chapultepec, Martínez de la Torre.","Av. Veracruz s/n (entre Minatitlan y Coatzacoalcos), Col. Chapultepec, 93603 Martínez de la Torre, Ver.",2321161422,,,,,20.07755667,-97.05914205,local,denue-2026-05,30102621910000032000000000U0,Servicios de ambulancias,6 a 10 personas,2019-11
Radiografia Dental Viu,salud,🏥 Salud,💊,Hospital en el centro de Martínez de la Torre.,"Mariano Abasolo 407, Médicos Especialistas Asociados local A, Centro, 93600 Martínez de la Torre, Ver.",2321344119,,,,,20.06218938,-97.05766996,local,denue-2026-05,30102622111000041000000000U5,Hospitales generales del sector privado,0 a 5 personas,2024-11
Rafael Guzman Miranda Servicio de Pedicure Amedicado Podologia Integral,salud,🏥 Salud,💊,Consultorio de salud en el centro de Martínez de la Torre.,"Av. Pedro Belli s/n (entre Mariano Matamoros y Francisco Javier Mina), Centro, 93600 Martínez de la Torre, Ver.",2321018500,,,,,20.06278014,-97.05166598,local,denue-2026-05,30102621398000051000000000U8,Otros consultorios del sector privado para el cuidado de la salud,0 a 5 personas,2014-12
Servicios Integrales de Rehabilitacion y Quiropractica,salud,🏥 Salud,💊,Consultorio de quiropráctica en el centro de Martínez de la Torre.,"Guadalupe Victoria 303, Centro, 93600 Martínez de la Torre, Ver.",2321238610,,,,,20.06005702,-97.05853767,local,denue-2026-05,30102621311000121000000000U2,Consultorios de quiropráctica del sector privado,0 a 5 personas,2024-11
Super Farmacia Medina Suc Alfinio Flores Beltran,salud,🏥 Salud,💊,"Farmacia con minisúper en la colonia Puerto Cortes, Martínez de la Torre.","Blvd. Puerto Vallarta 1021, Col. Puerto Cortes, 93603 Martínez de la Torre, Ver.",2251037005,,,,,20.0710023,-97.05610706,local,denue-2026-05,30102464112000253000012607S5,Farmacias con minisúper,11 a 30 personas,2025-04
Super Farmacia Medina Suc Ejidal,salud,🏥 Salud,💊,"Farmacia con minisúper en la colonia Ejidal, Martínez de la Torre.","Severo Maldonado 708, Col. Ejidal, 93600 Martínez de la Torre, Ver.",2251037005,,,,,20.06964119,-97.04566203,local,denue-2026-05,30102464112000271000012607S7,Farmacias con minisúper,11 a 30 personas,2025-04
Tienda Herbolaria Herbavital,salud,🏥 Salud,💊,Tienda naturista en el centro de Martínez de la Torre.,"Miguel Hidalgo y Costilla 1, Rosendo Topete Ibañez local 61 62 63, Centro, 93600 Martínez de la Torre, Ver.",2323243565,,,,,20.06258027,-97.05574526,local,denue-2026-05,30102464113000301000000000U0,"Comercio al por menor de productos naturistas, medicamentos homeopáticos y de complementos alimenticios",0 a 5 personas,2010-07
Tienda Naturista Tesoro Natural,salud,🏥 Salud,💊,Tienda naturista en el centro de Martínez de la Torre.,"Av. Melchor Ocampo 178C, Centro, 93600 Martínez de la Torre, Ver.",2321120519,,,,,20.06422665,-97.05253645,local,denue-2026-05,30102464113000311000000000U9,"Comercio al por menor de productos naturistas, medicamentos homeopáticos y de complementos alimenticios",0 a 5 personas,2014-12
Tienda Naturista Vida Sana,salud,🏥 Salud,💊,Tienda naturista en el centro de Martínez de la Torre.,"José María Morelos y Pavon 503C, Centro, 93600 Martínez de la Torre, Ver.",2321100270,,,,,20.06386686,-97.05546049,local,denue-2026-05,30102464113000591000000000U6,"Comercio al por menor de productos naturistas, medicamentos homeopáticos y de complementos alimenticios",0 a 5 personas,2024-11
Tienda Vegetariana Naturista,salud,🏥 Salud,💊,Tienda naturista en el centro de Martínez de la Torre.,"Miguel Hidalgo y Costilla 1, Rosendo Topete Ibañez local SN, Centro, 93600 Martínez de la Torre, Ver.",2323241375,,,,,20.06258027,-97.05574526,local,denue-2026-05,30102464113000111000000000U3,"Comercio al por menor de productos naturistas, medicamentos homeopáticos y de complementos alimenticios",0 a 5 personas,2010-07
Tienda de Artículos Ortopedicos Río Médica,salud,🏥 Salud,💊,Venta de artículos ortopédicos en el centro de Martínez de la Torre.,"Av. Maximino Ávila Camacho 800A, Centro, 93600 Martínez de la Torre, Ver.",2323293848,,,,,20.0647801,-97.04964143,local,denue-2026-05,30102464122000051000000000U2,Comercio al por menor de artículos ortopédicos,0 a 5 personas,2024-11
Tienda de Productos Naturales Ismerely,salud,🏥 Salud,💊,Tienda naturista en el centro de Martínez de la Torre.,"Av. General Ignacio Zaragoza 317, Centro, 93600 Martínez de la Torre, Ver.",2321252099,,,,,20.06453945,-97.05384849,local,denue-2026-05,30102541190000051110000000U6,"Comercio al por menor de productos naturistas, medicamentos homeopáticos y de complementos alimenticios",0 a 5 personas,2019-11
Tienda de Suplementos Alimenticios Raes Suplementos,salud,🏥 Salud,💊,Tienda naturista en el centro de Martínez de la Torre.,"Ignacio Allende 617B, Centro, 93600 Martínez de la Torre, Ver.",2321203854,,,,,20.06409448,-97.05772828,local,denue-2026-05,30102464113000401000000000U8,"Comercio al por menor de productos naturistas, medicamentos homeopáticos y de complementos alimenticios",0 a 5 personas,2019-11
Ultrasonido Salgado,salud,🏥 Salud,💊,Laboratorio de análisis clínicos en el centro de Martínez de la Torre.,"José María Morelos y Pavon 507B, Centro, 93600 Martínez de la Torre, Ver.",2321267754,,,,,20.06415362,-97.05563255,local,denue-2026-05,30102621511000571000000000U3,Laboratorios médicos y de diagnóstico del sector privado,0 a 5 personas,2026-04
Unidad Química Clínica de Diagnóstico San José,salud,🏥 Salud,💊,Laboratorio de análisis clínicos en el centro de Martínez de la Torre.,"Av. Maximino Ávila Camacho 318, Unidad Médica San José local 5, Centro, 93600 Martínez de la Torre, Ver.",2323295471,,,,,20.06050511,-97.05758532,local,denue-2026-05,30102621511000162000000000U1,Laboratorios médicos y de diagnóstico del sector privado,0 a 5 personas,2010-07
Venta de Aparatos Ortopedicos Ortoflext,salud,🏥 Salud,💊,"Venta de artículos ortopédicos en la colonia Vicente Guerrero, Martínez de la Torre.","Independencia s/n (entre Prol. Ignacio Allende y Blvd. Alfinio Flores Beltran), Col. Vicente Guerrero, 93603 Martínez de la Torre, Ver.",2321011865,,,,,20.07289148,-97.06413215,local,denue-2026-05,30102464122000031000000000U4,Comercio al por menor de artículos ortopédicos,0 a 5 personas,2019-11
Óptica Duarte,salud,🏥 Salud,💊,Óptica en el centro de Martínez de la Torre.,"Av. Melchor Ocampo 402, Centro, 93600 Martínez de la Torre, Ver.",2321291544,,,,,20.06380543,-97.05310582,local,denue-2026-05,30102464121000031000000000U6,Comercio al por menor de lentes,0 a 5 personas,2010-07
Óptica Positiva,salud,🏥 Salud,💊,Óptica en el centro de Martínez de la Torre.,"Av. Pedro Belli s/n (entre Vicente Guerrero y José María Morelos y Pavon), Centro, 93600 Martínez de la Torre, Ver.",2321721626,,,,,20.06146625,-97.05372829,local,denue-2026-05,30102464121000161000000000U1,Comercio al por menor de lentes,0 a 5 personas,2019-11
Agencia Funeraria Veracruz,servicios,⚡ Servicios Profesionales,⚡,"Funeraria en la colonia La Gloria, Martínez de la Torre.","Col. La Gloria, 93604 Martínez de la Torre, Ver.",2321107592,,,,,20.08043123,-97.04835107,local,denue-2026-05,30102812310000121000000000U3,Servicios funerarios,0 a 5 personas,2024-11
Agencia de Publicidad Grafik,servicios,⚡ Servicios Profesionales,⚡,"Publicidad en la colonia Constitución, Martínez de la Torre.","Hermenegildo Galeana 803, Col. Constitución, 93600 Martínez de la Torre, Ver.",2321564733,,,,,20.06254177,-97.06104016,local,denue-2026-05,30102541430000021000000000U9,Agencias de publicidad,0 a 5 personas,2019-11
Bienes Raices Rica,servicios,⚡ Servicios Profesionales,⚡,Inmobiliaria en el centro de Martínez de la Torre.,"Av. Ignacio de la Llave s/n (entre Miguel Hidalgo y Costilla y Ignacio Allende), Centro, 93600 Martínez de la Torre, Ver.",2321253181,,,,,20.06399526,-97.05674615,local,denue-2026-05,30102711311000011110000000U6,Inmobiliarias y corredores de bienes raíces,0 a 5 personas,2021-05
Funerales Veracruz,servicios,⚡ Servicios Profesionales,⚡,Funeraria en el centro de Martínez de la Torre.,"Av. General Ignacio Zaragoza 209G, Centro, 93600 Martínez de la Torre, Ver.",2321107592,,,,,20.0640209,-97.05482944,local,denue-2026-05,30102812310000011002000000U6,Servicios funerarios,6 a 10 personas,2010-07
Funeraria Rodríguez Cruz,servicios,⚡ Servicios Profesionales,⚡,"Funeraria en la colonia La Gloria, Martínez de la Torre.","Col. La Gloria, 93604 Martínez de la Torre, Ver.",2321293593,,,,,20.08080614,-97.04784203,local,denue-2026-05,30102812310000091000000000U8,Servicios funerarios,0 a 5 personas,2019-11
Impresión de Publicidad Urbay,servicios,⚡ Servicios Profesionales,⚡,"Rotulación y anuncios en la colonia Melchor Ocampo, Martínez de la Torre.","Blvd. Alfinio Flores Beltran s/n (entre Francisco Zarco y Guillermo Prieto), Col. Melchor Ocampo, 93603 Martínez de la Torre, Ver.",2321191660,,,,,20.065756,-97.05998024,local,denue-2026-05,30102323119000181110000000U4,Fabricación de anuncios y señalamientos,0 a 5 personas,2010-07
Inmobiliaria Inovarte,servicios,⚡ Servicios Profesionales,⚡,Inmobiliaria en el centro de Martínez de la Torre.,"Nicolás Bravo 402, Centro, 93600 Martínez de la Torre, Ver.",2321259566,,,,,20.06153429,-97.0582453,local,denue-2026-05,30102531210000061000000000U3,Inmobiliarias y corredores de bienes raíces,0 a 5 personas,2025-04
Sala de Velacion Panteon Jardín San Francisco,servicios,⚡ Servicios Profesionales,⚡,"Funeraria en la colonia Santa Irene, Martínez de la Torre.","Blvd. Luis Donaldo Colosio Carretera Martínez Tlapacoyan s/n (entre Las Palmas y Calle del Bosque), Col. Santa Irene, 93607 Martínez de la Torre, Ver.",2323246238,,,,,20.0601336,-97.08062164,local,denue-2026-05,30102812310000041000000000U3,Servicios funerarios,0 a 5 personas,2010-07
Seguros Fox y Asesores,servicios,⚡ Servicios Profesionales,⚡,"Agencia de seguros en la colonia Melchor Ocampo, Martínez de la Torre.","Francisco Javier Miranda 121, Col. Melchor Ocampo, 93603 Martínez de la Torre, Ver.",2321093034,,,,,20.07013592,-97.06233448,local,denue-2026-05,30102524210000081000000000U0,"Agentes, ajustadores y gestores de seguros y fianzas",0 a 5 personas,2019-11
Servicio de Gruas Gruas Hess,servicios,⚡ Servicios Profesionales,⚡,"Renta de equipo en la colonia Guadalupe Victoria, Martínez de la Torre.","Blvd. Carlos Salinas de Gortari Rafael Martínez de la Torre s/n (entre Av. 5 de Febrero y Nogales), Col. Guadalupe Victoria, 93603 Martínez de la Torre, Ver.",2323734355,,,,,20.07193197,-97.04441851,local,denue-2026-05,30102532492000011000000000U1,"Alquiler de maquinaria y equipo para mover, levantar y acomodar materiales",0 a 5 personas,2010-07
Accesorios Leons,talleres,🔧 Talleres,🔧,"Refaccionaria en la colonia Rodríguez Cano, Martínez de la Torre.","Carr. Libramiento Martínez de la Torre Tlapacoyan s/n (entre Alvaro Obregon y Benito Juárez Garcia), Col. Rodríguez Cano, 93608 Martínez de la Torre, Ver.",2323176132,,,,,20.0712897,-97.0686282,local,denue-2026-05,30102468211000571000000000U6,"Comercio al por menor de partes y refacciones nuevas para automóviles, camionetas y camiones",0 a 5 personas,2014-12
Auto Lavado Grand Prix,talleres,🔧 Talleres,🔧,"Autolavado en la colonia Constitución, Martínez de la Torre.","Av. Melchor Ocampo 608, Col. Constitución, 93600 Martínez de la Torre, Ver.",2321493493,,,,,20.06013886,-97.06016408,local,denue-2026-05,30102811192000121000000000U6,Lavado y lubricado de automóviles y camiones,0 a 5 personas,2010-07
Auto Lavado Rosario,talleres,🔧 Talleres,🔧,"Autolavado en la colonia Emiliano Zapata, Martínez de la Torre.","Prol. Miguel Hidalgo y Costilla 940, Col. Emiliano Zapata, 93603 Martínez de la Torre, Ver.",2321271744,,,,,20.06822775,-97.05906828,local,denue-2026-05,30102811192000171000000000U1,Lavado y lubricado de automóviles y camiones,0 a 5 personas,2010-07
Auto Servicios de Hojalatería y Pintura Domaka,talleres,🔧 Talleres,🔧,"Hojalatería y pintura en la colonia Unión, Martínez de la Torre.","Av. 2 de Abril 501, Col. Unión, 93607 Martínez de la Torre, Ver.",2321256438,,,,,20.06454742,-97.06120851,local,denue-2026-05,30102811121000411000000000U0,Hojalatería y pintura de automóviles y camiones,0 a 5 personas,2010-07
Autolavado Car Wash Moor,talleres,🔧 Talleres,🔧,"Autolavado en la colonia Ejidal, Martínez de la Torre.","Severo Maldonado s/n (entre Santiago de la Hoz y Salvador Allende), Col. Ejidal, 93606 Martínez de la Torre, Ver.",2321235004,,,,,20.06781963,-97.04428715,local,denue-2026-05,30102811192000531000000000U6,Lavado y lubricado de automóviles y camiones,0 a 5 personas,2019-11
Autolavado Lozano,talleres,🔧 Talleres,🔧,"Autolavado en la colonia Melchor Ocampo, Martínez de la Torre.","Prol. Ignacio Allende 807, Col. Melchor Ocampo, 93603 Martínez de la Torre, Ver.",2321267585,,,,,20.06499009,-97.0582448,local,denue-2026-05,30102811192000271000000000U9,Lavado y lubricado de automóviles y camiones,0 a 5 personas,2010-07
Centro de Diagnosticico Automotriz,talleres,🔧 Talleres,🔧,"Taller eléctrico automotriz en la colonia Constitución, Martínez de la Torre.","Av. 5 de Febrero 511, Col. Constitución, 93600 Martínez de la Torre, Ver.",5565351446,,,,,20.06273352,-97.06077888,local,denue-2026-05,30102811112000471000000000U3,Reparación del sistema eléctrico de automóviles y camiones,0 a 5 personas,2020-11
Centro de Verificacion Vehicular C Mr01,talleres,🔧 Talleres,🔧,"Servicio automotriz en la colonia San José de la Unión, Martínez de la Torre.","Río Balsas s/n (entre Río Actopan y Río Nautla), Col. San José de la Unión, 93603 Martínez de la Torre, Ver.",2323176030,,,,,20.0747921,-97.06214279,local,denue-2026-05,30102811199000031000000000U2,Otros servicios de reparación y mantenimiento de automóviles y camiones,0 a 5 personas,2010-07
Distribuidora Comercial e Industrial Vergara,talleres,🔧 Talleres,🔧,"Refaccionaria en la colonia Vicente Guerrero, Martínez de la Torre.","Carr. Libramiento Martínez de la Torre Tlapacoyan s/n (entre Prol. Miguel Hidalgo y Costilla y Prol. Ignacio Allende), Col. Vicente Guerrero, 93603 Martínez de la Torre, Ver.",2323733701,,,,,20.07385213,-97.06286081,local,denue-2026-05,30102468211000871001000000U0,"Comercio al por menor de partes y refacciones nuevas para automóviles, camionetas y camiones",6 a 10 personas,2019-11
Instalación de Sistema de Audio y Alarmas Car Audio,talleres,🔧 Talleres,🔧,Refaccionaria en el centro de Martínez de la Torre.,"Av. 5 de Febrero 306, Centro, 93600 Martínez de la Torre, Ver.",2321330217,,,,,20.06581192,-97.05511566,local,denue-2026-05,30102811199000121010000000U1,"Comercio al por menor de partes y refacciones nuevas para automóviles, camionetas y camiones",0 a 5 personas,2019-11
Lachos Biker,talleres,🔧 Talleres,🔧,"Taller de bicicletas en la colonia Cuauhtémoc, Martínez de la Torre.","Moctezuma 132, Col. Cuauhtémoc, 93608 Martínez de la Torre, Ver.",2321424346,,,,,20.07061647,-97.06540358,local,denue-2026-05,30102811493000281000000000U0,Reparación y mantenimiento de bicicletas,0 a 5 personas,2024-11
Llantas y Refacciones de Matamoros,talleres,🔧 Talleres,🔧,"Llantera en la colonia Ejidal, Martínez de la Torre.","Blvd. Carlos Salinas de Gortari Rafael Martínez de la Torre s/n (entre Manuel Ávila Camacho y Otilio Montaño), Col. Ejidal, 93606 Martínez de la Torre, Ver.",2323247618,,,,https://www.neumaticosyrefraccionesdelnoroeste.com,20.07398878,-97.04125272,local,denue-2026-05,30102468213000142001000000U2,"Comercio al por menor de llantas y cámaras para automóviles, camionetas y camiones",0 a 5 personas,2016-10
Llantera Gama Rangal,talleres,🔧 Talleres,🔧,"Llantera en la colonia Paraíso, Martínez de la Torre.","Av. 5 de Febrero 109, Col. Paraíso, 93603 Martínez de la Torre, Ver.",2321127962,,,,,20.06512313,-97.05655153,local,denue-2026-05,30102468213000111000000000U7,"Comercio al por menor de llantas y cámaras para automóviles, camionetas y camiones",0 a 5 personas,2014-12
Llantera Lima de Martínez de la Torre,talleres,🔧 Talleres,🔧,"Llantera en la colonia Jardines Plaza Verde, Martínez de la Torre.","Carr. Libramiento Martínez de la Torre Tlapacoyan s/n (entre Lluvia de Oro y Las Palmas), Col. Jardines Plaza Verde, 93603 Martínez de la Torre, Ver.",2321572384,,,,,20.07620551,-97.05721428,local,denue-2026-05,30102468213000042000000000U4,"Comercio al por menor de llantas y cámaras para automóviles, camionetas y camiones",0 a 5 personas,2010-07
Mantenimiento Reparación y Electricidad Miztly Myr Repair,talleres,🔧 Talleres,🔧,"Reparación de maquinaria y equipo en la colonia Alfredo V Bonfil, Martínez de la Torre.","Calle a las Cañadas Martínez s/n (entre México y 3 de Mayo), Col. Alfredo V Bonfil, 93608 Martínez de la Torre, Ver.",2321203241,,,,,20.07561106,-97.06594817,local,denue-2026-05,30102811312000171000000000U5,Reparación y mantenimiento de maquinaria y equipo industrial,0 a 5 personas,2019-11
Mini Autos Refacciones,talleres,🔧 Talleres,🔧,Refaccionaria en el centro de Martínez de la Torre.,"Francisco Javier Mina 449, Centro, 93600 Martínez de la Torre, Ver.",2323242358,,,,,20.06504918,-97.05299505,local,denue-2026-05,30102468211000621000000000U9,"Comercio al por menor de partes y refacciones nuevas para automóviles, camionetas y camiones",0 a 5 personas,2014-12
Mofles y Sistemas de Escape Pepe,talleres,🔧 Talleres,🔧,"Taller mecánico en la colonia Melchor Ocampo, Martínez de la Torre.","General Joaquín Herrera s/n (entre Prol. Ignacio Allende y Blvd. Alfinio Flores Beltran), Col. Melchor Ocampo, 93603 Martínez de la Torre, Ver.",2321126812,,,,,20.06967278,-97.06220501,local,denue-2026-05,30102811119000051000000000U8,Otras reparaciones mecánicas de automóviles y camiones,0 a 5 personas,2010-07
Radiadores Hernández,talleres,🔧 Talleres,🔧,"Taller mecánico en la colonia Vicente Guerrero, Martínez de la Torre.","Carr. Libramiento Martínez de la Torre Tlapacoyan s/n (entre Prol. Ignacio Allende y Blvd. Alfinio Flores Beltran), Col. Vicente Guerrero, 93603 Martínez de la Torre, Ver.",2321341283,,,,,20.07333561,-97.06406883,local,denue-2026-05,30102811119000261000000000U3,Otras reparaciones mecánicas de automóviles y camiones,0 a 5 personas,2019-11
Radiadores Luisan,talleres,🔧 Talleres,🔧,"Taller mecánico en la colonia San José de la Unión, Martínez de la Torre.","Carr. Libramiento Martínez de la Torre Tlapacoyan 407B, Col. San José de la Unión, 93603 Martínez de la Torre, Ver.",2321607519,,,,,20.07453018,-97.06166526,local,denue-2026-05,30102811111000261000000000U0,Otras reparaciones mecánicas de automóviles y camiones,0 a 5 personas,2010-07
Refaccionaría Armas,talleres,🔧 Talleres,🔧,Refaccionaria en el centro de Martínez de la Torre.,"Ignacio Aldama 400, Centro, 93600 Martínez de la Torre, Ver.",2321132170,,,,,20.0659878,-97.05123508,local,denue-2026-05,30102468211000331000000000U5,"Comercio al por menor de partes y refacciones nuevas para automóviles, camionetas y camiones",0 a 5 personas,2010-07
Refaccionaría Automotriz Amigos,talleres,🔧 Talleres,🔧,"Refaccionaria en la colonia Moctezuma, Martínez de la Torre.","Carr. Libramiento Martínez de la Torre Tlapacoyan s/n (entre 16 de Septiembre y Privada Chapultepec), Col. Moctezuma, 93603 Martínez de la Torre, Ver.",2321386223,,,,,20.07696879,-97.05524737,local,denue-2026-05,30102468211001061000000000U7,"Comercio al por menor de partes y refacciones nuevas para automóviles, camionetas y camiones",0 a 5 personas,2024-11
Refaccionaría Giles,talleres,🔧 Talleres,🔧,"Refaccionaria en la colonia San José de la Unión, Martínez de la Torre.","Carr. Libramiento Martínez de la Torre Tlapacoyan s/n (entre Río Papaloapan y Río Actopan), Col. San José de la Unión, 93603 Martínez de la Torre, Ver.",2321558525,,,,,20.07441465,-97.06190626,local,denue-2026-05,30102468211000741000000000U5,"Comercio al por menor de partes y refacciones nuevas para automóviles, camionetas y camiones",0 a 5 personas,2010-07
Refaccionaría Mancofre,talleres,🔧 Talleres,🔧,"Refaccionaria en la colonia Moctezuma, Martínez de la Torre.","Carr. Libramiento Martínez de la Torre Tlapacoyan 404, Col. Moctezuma, 93608 Martínez de la Torre, Ver.",2321293583,,,,,20.07166363,-97.06768837,local,denue-2026-05,30102468211000851000000000U2,"Comercio al por menor de partes y refacciones nuevas para automóviles, camionetas y camiones",0 a 5 personas,2019-11
Refaccionaría Mi Casa,talleres,🔧 Talleres,🔧,Refaccionaria en el centro de Martínez de la Torre.,"Ignacio López Rayón s/n (entre Av. Pedro Belli y Av. Maximino Ávila Camacho), Centro, 93600 Martínez de la Torre, Ver.",2321552192,,,,,20.06377314,-97.05114074,local,denue-2026-05,30102468211001071000000000U6,"Comercio al por menor de partes y refacciones nuevas para automóviles, camionetas y camiones",0 a 5 personas,2024-11
Refaccionaría Pescador,talleres,🔧 Talleres,🔧,Refaccionaria en el centro de Martínez de la Torre.,"Ignacio López Rayón 209, Centro, 93600 Martínez de la Torre, Ver.",2323244003,,,,,20.06446636,-97.05155834,local,denue-2026-05,30102468211000791001000000U0,"Comercio al por menor de partes y refacciones nuevas para automóviles, camionetas y camiones",6 a 10 personas,2019-11
Refaccionaría Zaragoza,talleres,🔧 Talleres,🔧,Refaccionaria en el centro de Martínez de la Torre.,"Av. General Ignacio Zaragoza 507, Centro, 93600 Martínez de la Torre, Ver.",2321245271,,,,,20.06518771,-97.05266157,local,denue-2026-05,30102468211001101000000000U1,"Comercio al por menor de partes y refacciones nuevas para automóviles, camionetas y camiones",0 a 5 personas,2025-04
Refaccionaría y Reparación de Bicicletas Bicimundo Ejidal,talleres,🔧 Talleres,🔧,"Venta de bicicletas en la colonia Ejidal, Martínez de la Torre.","Adolfo López Mateos 617, Col. Ejidal, 93606 Martínez de la Torre, Ver.",2321130999,,,,,20.07063556,-97.04430821,local,denue-2026-05,30102811493000181010000000U2,Comercio al por menor de bicicletas,0 a 5 personas,2010-07
Refacciones para Moto Motosport,talleres,🔧 Talleres,🔧,"Venta de motocicletas y refacciones en la colonia Melchor Ocampo, Martínez de la Torre.","Blvd. Alfinio Flores Beltran 1100B, Col. Melchor Ocampo, 93603 Martínez de la Torre, Ver.",2326906242,,,,,20.06871663,-97.06173363,local,denue-2026-05,30102468311000051000000000U7,Comercio al por menor de motocicletas,0 a 5 personas,2019-11
Refacciones y Engranes Alba,talleres,🔧 Talleres,🔧,"Refaccionaria en la colonia San José de la Unión, Martínez de la Torre.","Carr. Libramiento Martínez de la Torre Tlapacoyan 307, Col. San José de la Unión, 93603 Martínez de la Torre, Ver.",2323245611,,,,,20.07429664,-97.06212278,local,denue-2026-05,30102468211000411000000000U5,"Comercio al por menor de partes y refacciones nuevas para automóviles, camionetas y camiones",0 a 5 personas,2010-07
Reparación de Motosierras Abdiel,talleres,🔧 Talleres,🔧,"Reparación de maquinaria y equipo en la colonia Alfredo V Bonfil, Martínez de la Torre.","Calle a las Cañadas Martínez s/n, Col. Alfredo V Bonfil, 93608 Martínez de la Torre, Ver.",6647889930,,,,,20.08082459,-97.06922442,local,denue-2026-05,30102811311000101000000000U4,Reparación y mantenimiento de maquinaria y equipo agropecuario y forestal,0 a 5 personas,2024-11
Servicio Automotriz Rhino,talleres,🔧 Talleres,🔧,"Taller mecánico en la colonia Saltillo, Martínez de la Torre.","Carr. Federal Martínez San Rafael s/n (entre Durango y Coahuila), Col. Saltillo, 93605 Martínez de la Torre, Ver.",2311571444,,,,,20.08197825,-97.03014697,local,denue-2026-05,30102561421000271110000000U4,Reparación mecánica en general de automóviles y camiones,0 a 5 personas,2014-12
Servicio Mecánico Miranda,talleres,🔧 Talleres,🔧,"Taller mecánico en la colonia José López Portillo, Martínez de la Torre.","Francisco Villa 111, Col. José López Portillo, 93600 Martínez de la Torre, Ver.",2323293472,,,,,20.06821676,-97.0624197,local,denue-2026-05,30102811111000071000000000U3,Reparación mecánica en general de automóviles y camiones,0 a 5 personas,2010-07
Servicio Mecánico el Coco,talleres,🔧 Talleres,🔧,"Taller mecánico en la colonia Ampliación Lindavista, Martínez de la Torre.","Carr. Libramiento Martínez de la Torre Tlapacoyan s/n (entre Av. Lázaro Cárdenas del Río y Solidaridad), Col. Ampliación Lindavista, 93604 Martínez de la Torre, Ver.",2323739480,,,,,20.07748794,-97.05303039,local,denue-2026-05,30102811111001731000000000U1,Reparación mecánica en general de automóviles y camiones,0 a 5 personas,2019-11
Servicio de Autolavado Camacho,talleres,🔧 Talleres,🔧,"Taller mecánico en la colonia Vicente Guerrero, Martínez de la Torre.","Ignacio Comonfort 549, Col. Vicente Guerrero, 93603 Martínez de la Torre, Ver.",2321208340,,,,,20.07302205,-97.06188345,local,denue-2026-05,30102811111001911000000000U9,Reparación mecánica en general de automóviles y camiones,0 a 5 personas,2024-11
Servicio de Instalación y Mantenimiento Equipos de Gas Carburacion,talleres,🔧 Talleres,🔧,"Reparación de maquinaria y equipo en la colonia Libertad, Martínez de la Torre.","Priv. Río Coatzacoalcos s/n (entre Río Grijalva y Río Sordo), Col. Libertad, 93603 Martínez de la Torre, Ver.",2323222626,,,,,20.07652787,-97.06074466,local,denue-2026-05,30102811312000221000000000U8,Reparación y mantenimiento de maquinaria y equipo industrial,0 a 5 personas,2019-11
Taller Automotriz Aldama,talleres,🔧 Talleres,🔧,"Taller eléctrico automotriz en la colonia Primero de Mayo, Martínez de la Torre.","José B Reyes s/n (entre Privada Celerino Navarro y 10 de Mayo), Col. Primero de Mayo, 93605 Martínez de la Torre, Ver.",2322165220,,,,,20.07657929,-97.03451274,local,denue-2026-05,30102811112000411000000000U9,Reparación del sistema eléctrico de automóviles y camiones,0 a 5 personas,2019-11
Taller Eléctrico Automotriz Magosa,talleres,🔧 Talleres,🔧,Taller eléctrico automotriz en el centro de Martínez de la Torre.,"Pipila 403, Centro, 93600 Martínez de la Torre, Ver.",2323222768,,,,,20.06654252,-97.05065465,local,denue-2026-05,30102811112000161010000000U0,Reparación del sistema eléctrico de automóviles y camiones,0 a 5 personas,2010-07
Taller Eléctrico Automotriz Plaza Verde,talleres,🔧 Talleres,🔧,"Taller eléctrico automotriz en la colonia San José de la Unión, Martínez de la Torre.","Carr. Libramiento Martínez de la Torre Tlapacoyan s/n (entre Orquideas y Iguala), Col. San José de la Unión, 93603 Martínez de la Torre, Ver.",2321097507,,,,,20.07508024,-97.05998226,local,denue-2026-05,30102811112000441000000000U6,Reparación del sistema eléctrico de automóviles y camiones,0 a 5 personas,2019-11
Taller Eléctrico Automotriz Servicio Eléctrico Roger,talleres,🔧 Talleres,🔧,"Taller eléctrico automotriz en la colonia Ejidal, Martínez de la Torre.","Otilio Montaño 600, Col. Ejidal, 93606 Martínez de la Torre, Ver.",2321558439,,,,,20.07237041,-97.04087604,local,denue-2026-05,30102811112000061000000000U2,Reparación del sistema eléctrico de automóviles y camiones,0 a 5 personas,2010-07
Taller Mecánica General Hermanos Peña,talleres,🔧 Talleres,🔧,"Taller mecánico en la colonia Primero de Mayo, Martínez de la Torre.","Soto y Gama 1304, Col. Primero de Mayo, 93605 Martínez de la Torre, Ver.",2321025007,,,,,20.07529645,-97.03617,local,denue-2026-05,30102811111001551000000000U3,Reparación mecánica en general de automóviles y camiones,0 a 5 personas,2019-11
Taller Mecánico Cruz,talleres,🔧 Talleres,🔧,"Taller mecánico en la colonia Vicente Guerrero, Martínez de la Torre.","Independencia 310, Col. Vicente Guerrero, 93603 Martínez de la Torre, Ver.",2321147462,,,,,20.07376998,-97.06233509,local,denue-2026-05,30102811111000931000000000U8,Reparación mecánica en general de automóviles y camiones,0 a 5 personas,2014-12
Taller Mecánico Dos Hermanos,talleres,🔧 Talleres,🔧,"Taller mecánico en la colonia Dante Delgado Rannauro, Martínez de la Torre.","Blvd. Carlos Salinas de Gortari Rafael Martínez de la Torre s/n (entre Cipres y Los Pinos), Col. Dante Delgado Rannauro, 93604 Martínez de la Torre, Ver.",2321040878,,,,,20.07486523,-97.04035541,local,denue-2026-05,30102811111001281000000000U7,Reparación mecánica en general de automóviles y camiones,0 a 5 personas,2014-12
Taller Mecánico Enrique,talleres,🔧 Talleres,🔧,"Taller mecánico en la colonia Alfredo V Bonfil, Martínez de la Torre.","Calle a las Cañadas Martínez s/n (entre México y 3 de Mayo), Col. Alfredo V Bonfil, 93608 Martínez de la Torre, Ver.",2324396475,,,,,20.07593445,-97.06613855,local,denue-2026-05,30102811111001461000000000U5,Reparación mecánica en general de automóviles y camiones,0 a 5 personas,2019-11
Taller Mecánico Gilberto Cortes Obispo,talleres,🔧 Talleres,🔧,"Taller mecánico en la colonia Costa Esmeralda, Martínez de la Torre.","12 de Octubre s/n (entre 10 de Mayo y Av. Fidel Herrera Beltran), Col. Costa Esmeralda, 93608 Martínez de la Torre, Ver.",2323236650,,,,,20.07695186,-97.08251343,local,denue-2026-05,30102811111000191000000000U9,Reparación mecánica en general de automóviles y camiones,0 a 5 personas,2024-11
Taller Mecánico Marin,talleres,🔧 Talleres,🔧,"Taller mecánico en la colonia Alfredo V Bonfil, Martínez de la Torre.","Calle a las Cañadas Martínez s/n (entre Tampico y Zamora), Col. Alfredo V Bonfil, 93608 Martínez de la Torre, Ver.",2321243492,,,,,20.08093098,-97.06938158,local,denue-2026-05,30102811111001411000000000U0,Reparación mecánica en general de automóviles y camiones,0 a 5 personas,2019-11
Taller Mecánico Motor Head,talleres,🔧 Talleres,🔧,"Taller mecánico en la colonia Unidad Antorchista, Martínez de la Torre.","Av. Tenoch s/n (entre Margarita Moran y Santa Martha), Col. Unidad Antorchista, 93603 Martínez de la Torre, Ver.",2321175740,,,,,20.07553302,-97.05330562,local,denue-2026-05,30102811111001321000000000U1,Reparación mecánica en general de automóviles y camiones,0 a 5 personas,2014-12
Taller Mecánico Nissan,talleres,🔧 Talleres,🔧,"Taller mecánico en la colonia Yucatan, Martínez de la Torre.","Manuel Zorrilla Rivera 141, Col. Yucatan, 93607 Martínez de la Torre, Ver.",2323240934,,,,,20.05896108,-97.0614333,local,denue-2026-05,30102811111000851000000000U8,Reparación mecánica en general de automóviles y camiones,0 a 5 personas,2010-07
Taller Mecánico Servicio Especializado Mota,talleres,🔧 Talleres,🔧,"Taller mecánico en la colonia Emiliano Zapata, Martínez de la Torre.","Cda. Ursulo Galvan 103, Col. Emiliano Zapata, 93603 Martínez de la Torre, Ver.",2321444046,,,,,20.06578772,-97.05718954,local,denue-2026-05,30102811111000291000000000U7,Reparación mecánica en general de automóviles y camiones,0 a 5 personas,2010-07
Taller Mecánico Servicio Independencia,talleres,🔧 Talleres,🔧,Rectificadora de motores en el centro de Martínez de la Torre.,"Ignacio López Rayón 400B, Centro, 93600 Martínez de la Torre, Ver.",2321247879,,,,,20.06574623,-97.05220661,local,denue-2026-05,30102811113000041000000000U2,Rectificación de partes de motor de automóviles y camiones,0 a 5 personas,2026-04
Taller Mecánico el Flaco,talleres,🔧 Talleres,🔧,Taller mecánico en el centro de Martínez de la Torre.,"Ignacio Aldama 504, Centro, 93600 Martínez de la Torre, Ver.",2321107295,,,,,20.0672437,-97.05190925,local,denue-2026-05,30102811111001121000000000U5,Reparación mecánica en general de automóviles y camiones,0 a 5 personas,2014-12
Taller Mecánico en Gas Garaje,talleres,🔧 Talleres,🔧,"Taller mecánico en la colonia Vicente Guerrero, Martínez de la Torre.","Carr. Libramiento Martínez de la Torre Tlapacoyan s/n (entre Iguala y Guanajuato), Col. Vicente Guerrero, 93603 Martínez de la Torre, Ver.",2321278030,,,,,20.07431355,-97.06180537,local,denue-2026-05,30102811111002111000000000U5,Reparación mecánica en general de automóviles y camiones,0 a 5 personas,2024-11
Taller Mecánico en Nissan,talleres,🔧 Talleres,🔧,"Taller mecánico en la colonia Ejidal, Martínez de la Torre.","Benito Juárez Garcia 108, Col. Ejidal, 93606 Martínez de la Torre, Ver.",2321041648,,,,,20.06559896,-97.04881392,local,denue-2026-05,30102811111000011000000000U9,Reparación mecánica en general de automóviles y camiones,0 a 5 personas,2010-07
Taller Mecánico los Pinos,talleres,🔧 Talleres,🔧,"Taller mecánico en la colonia Saltillo, Martínez de la Torre.","Caoba s/n (entre Cedro y Roble), Col. Saltillo, 93605 Martínez de la Torre, Ver.",2321279504,,,,,20.08238581,-97.0285208,local,denue-2026-05,30102811111000141000000000U4,Reparación mecánica en general de automóviles y camiones,0 a 5 personas,2010-07
Taller Mecánico para Motos Memo,talleres,🔧 Talleres,🔧,"Taller de motocicletas en la colonia Melchor Ocampo, Martínez de la Torre.","Prol. Miguel Hidalgo y Costilla 101, Col. Melchor Ocampo, 93603 Martínez de la Torre, Ver.",2325932603,,,,,20.06519784,-97.05734216,local,denue-2026-05,30102811492000311000000000U7,Reparación y mantenimiento de motocicletas,0 a 5 personas,2024-11
Taller Servicio Automotriz Mecánica Piston,talleres,🔧 Talleres,🔧,"Taller mecánico en la colonia Guadalupe Victoria, Martínez de la Torre.","Blvd. Carlos Salinas de Gortari Rafael Martínez de la Torre s/n (entre Av. 5 de Febrero y Nogales), Col. Guadalupe Victoria, 93603 Martínez de la Torre, Ver.",2323244862,,,,,20.07334768,-97.04244775,local,denue-2026-05,30102811119000161001000000U5,Otras reparaciones mecánicas de automóviles y camiones,6 a 10 personas,2012-06
Taller de Autoservicio Eléctrico,talleres,🔧 Talleres,🔧,"Taller eléctrico automotriz en la colonia Dante Delgado Rannauro, Martínez de la Torre.","Blvd. Carlos Salinas de Gortari (rafael Martínez de la Torre) s/n (entre Cipres y Los Pinos), Col. Dante Delgado Rannauro, 93604 Martínez de la Torre, Ver.",2326902716,,,,,20.07508937,-97.04004809,local,denue-2026-05,30102811112000271000000000U7,Reparación del sistema eléctrico de automóviles y camiones,0 a 5 personas,2014-12
Taller de Hojalatería y Pintura Automotriz Aguilar,talleres,🔧 Talleres,🔧,Hojalatería y pintura en el centro de Martínez de la Torre.,"Av. Ignacio de la Llave 700, Centro, 93600 Martínez de la Torre, Ver.",2321138614,,,,,20.06673098,-97.05150292,local,denue-2026-05,30102811121000351000000000U8,Hojalatería y pintura de automóviles y camiones,0 a 5 personas,2010-07
Taller de Hojalatería y Pintura Briones,talleres,🔧 Talleres,🔧,"Hojalatería y pintura en la colonia Alfredo V Bonfil, Martínez de la Torre.","Calle a las Cañadas Martínez s/n (entre Veracruz y Martínez de la Torre), Col. Alfredo V Bonfil, 93608 Martínez de la Torre, Ver.",2321241171,,,,,20.0776759,-97.06719593,local,denue-2026-05,30102811121000981000000000U2,Hojalatería y pintura de automóviles y camiones,0 a 5 personas,2021-05
Taller de Hojalatería y Pintura Jang,talleres,🔧 Talleres,🔧,"Hojalatería y pintura en la colonia San Vicente, Martínez de la Torre.","Carr. Libramiento Martínez de la Torre Tlapacoyan s/n, Col. San Vicente, 93601 Martínez de la Torre, Ver.",2321608188,,,,,20.06920366,-97.07185929,local,denue-2026-05,30102811121000631001000000U3,Hojalatería y pintura de automóviles y camiones,6 a 10 personas,2014-12
Taller de Hojalatería y Pintura Pérez,talleres,🔧 Talleres,🔧,"Hojalatería y pintura en la colonia El Ensueño, Martínez de la Torre.","Andador Antonio Plaza s/n (entre Leon Felipe y Manuel Acuña), Col. El Ensueño, 93607 Martínez de la Torre, Ver.",2321608022,,,,,20.06168539,-97.08270024,local,denue-2026-05,30102811121000801000000000U2,Hojalatería y pintura de automóviles y camiones,0 a 5 personas,2019-11
Taller de Instalación de Alarmas y Autoestereos para Auto Audiocard,talleres,🔧 Talleres,🔧,Servicio automotriz en el centro de Martínez de la Torre.,"Av. Maximino Ávila Camacho 603, Centro, 93600 Martínez de la Torre, Ver.",2323238613,,,,,20.06396999,-97.05112381,local,denue-2026-05,30102811199000041000000000U1,Otros servicios de reparación y mantenimiento de automóviles y camiones,0 a 5 personas,2010-07
Taller de Lavado y Engrasado Mundo Automtriz,talleres,🔧 Talleres,🔧,"Autolavado en la colonia Ejidal, Martínez de la Torre.","Adolfo López Mateos 68, Col. Ejidal, 93606 Martínez de la Torre, Ver.",2321490919,,,,,20.07256759,-97.04174303,local,denue-2026-05,30102811192000731000000000U2,Lavado y lubricado de automóviles y camiones,0 a 5 personas,2019-11
Taller de Mantenimiento Industrial Guevara,talleres,🔧 Talleres,🔧,"Reparación de maquinaria y equipo en la colonia San Manuel, Martínez de la Torre.","Unión s/n (entre 5 de Mayo y 20 de Noviembre), Col. San Manuel, 93604 Martínez de la Torre, Ver.",2321099361,,,,,20.079644,-97.03687708,local,denue-2026-05,30102811312000231000000000U7,Reparación y mantenimiento de maquinaria y equipo industrial,0 a 5 personas,2024-11
Taller de Muelles y Soldadura Trejo,talleres,🔧 Talleres,🔧,"Taller de suspensiones en la colonia San Vicente, Martínez de la Torre.","Carr. Libramiento Martínez de la Torre Tlapacoyan s/n, Col. San Vicente, 93601 Martínez de la Torre, Ver.",2321022642,,,,,20.06943204,-97.07147062,local,denue-2026-05,30102811115000151000000000U4,Reparación de suspensiones de automóviles y camiones,0 a 5 personas,2024-11
Taller de Pintura Automotriz,talleres,🔧 Talleres,🔧,"Hojalatería y pintura en la colonia Alfredo V Bonfil, Martínez de la Torre.","Dante Delgado Rannauro s/n (entre Blvd. Magistral y Veracruz), Col. Alfredo V Bonfil, 93608 Martínez de la Torre, Ver.",2321015831,,,,,20.07844581,-97.07023126,local,denue-2026-05,30102811121000771000000000U7,Hojalatería y pintura de automóviles y camiones,0 a 5 personas,2019-11
Taller de Pintura Automotriz D Pantera,talleres,🔧 Talleres,🔧,Hojalatería y pintura en el centro de Martínez de la Torre.,"Francisco Javier Mina 202, Centro, 93600 Martínez de la Torre, Ver.",2323216594,,,,,20.06305354,-97.05166999,local,denue-2026-05,30102811121000641000000000U2,Hojalatería y pintura de automóviles y camiones,0 a 5 personas,2014-12
Taller de Pintura y Hojalatería Quijano,talleres,🔧 Talleres,🔧,"Hojalatería y pintura en la colonia Melchor Ocampo, Martínez de la Torre.","Blvd. Alfinio Flores Beltran s/n (entre Ramón Corona y General Leandro Valle), Col. Melchor Ocampo, 93603 Martínez de la Torre, Ver.",2323794117,,,,,20.0707702,-97.0630059,local,denue-2026-05,30102811121000271000000000U8,Hojalatería y pintura de automóviles y camiones,0 a 5 personas,2010-07
Taller de Radiadores González,talleres,🔧 Talleres,🔧,"Taller mecánico en la colonia San Manuel, Martínez de la Torre.","Blvd. Carlos Salinas de Gortari Rafael Martínez de la Torre s/n (entre Los Pinos y Adolfo Ruíz Cortines), Col. San Manuel, 93604 Martínez de la Torre, Ver.",2323733568,,,,,20.07585409,-97.03901223,local,denue-2026-05,30102811119000241000000000U5,Otras reparaciones mecánicas de automóviles y camiones,0 a 5 personas,2019-11
Taller de Rectificaciones Automotriz Alfa,talleres,🔧 Talleres,🔧,Rectificadora de motores en el centro de Martínez de la Torre.,"Ignacio López Rayón 509, Centro, 93600 Martínez de la Torre, Ver.",2321038895,,,,,20.06668942,-97.05290414,local,denue-2026-05,30102811113000021001000000U4,Rectificación de partes de motor de automóviles y camiones,6 a 10 personas,2010-07
Taller de Rectificaciones de Discos Clutchs Juanito S,talleres,🔧 Talleres,🔧,Taller mecánico en el centro de Martínez de la Torre.,"Ignacio López Rayón 311, Centro, 93600 Martínez de la Torre, Ver.",2323225636,,,,,20.06527236,-97.05204582,local,denue-2026-05,30102811119000181000000000U3,Otras reparaciones mecánicas de automóviles y camiones,0 a 5 personas,2014-12
Taller de Refrigeracion Polaris,talleres,🔧 Talleres,🔧,Reparación de maquinaria y equipo en el centro de Martínez de la Torre.,"Av. Melchor Ocampo 505, Centro, 93600 Martínez de la Torre, Ver.",2321149909,,,,,20.0604959,-97.05928419,local,denue-2026-05,30102811410000191110000000U5,Reparación y mantenimiento de maquinaria y equipo comercial y de servicios,0 a 5 personas,2014-12
Taller de Reparación Climautos y Radiadores,talleres,🔧 Talleres,🔧,"Servicio automotriz en la colonia San Manuel, Martínez de la Torre.","Blvd. Carlos Salinas de Gortari Rafael Martínez de la Torre s/n (entre 22 de Noviembre y 16 de Septiembre), Col. San Manuel, 93604 Martínez de la Torre, Ver.",2321719411,,,,,20.07623462,-97.03844146,local,denue-2026-05,30102811199000201000000000U1,Otros servicios de reparación y mantenimiento de automóviles y camiones,0 a 5 personas,2024-11
Taller de Reparación de Bicicletas Bicicammsy,talleres,🔧 Talleres,🔧,Taller de bicicletas en el centro de Martínez de la Torre.,"Av. Melchor Ocampo 705, Centro, 93600 Martínez de la Torre, Ver.",2323227824,,,,,20.06549104,-97.05018519,local,denue-2026-05,30102811493000011000000000U1,Reparación y mantenimiento de bicicletas,0 a 5 personas,2010-07
Taller de Reparación de Motocicletas Akron,talleres,🔧 Talleres,🔧,"Taller de motocicletas en la colonia Adolfo Ruíz Cortines, Martínez de la Torre.","Blvd. Alfinio Flores Beltran 100, Col. Adolfo Ruíz Cortines, 93607 Martínez de la Torre, Ver.",2321492302,,,,,20.06865734,-97.06185035,local,denue-2026-05,30102811492000351000000000U3,Reparación y mantenimiento de motocicletas,0 a 5 personas,2024-11
Taller de Reparación de Motos Barona,talleres,🔧 Talleres,🔧,"Taller de motocicletas en la colonia Heroica Veracruz, Martínez de la Torre.","Cda. Heriberto Barona s/n (entre Priv. Cienfuegos y Blvd. Luis Donaldo Colosio (carretera Martinez-tlapacoyan)), Col. Heroica Veracruz, 93607 Martínez de la Torre, Ver.",2321153360,,,,,20.06102675,-97.06795493,local,denue-2026-05,30102811492000441000000000U2,Reparación y mantenimiento de motocicletas,0 a 5 personas,2024-11
Taller de Reparación de Tornos la Carreta,talleres,🔧 Talleres,🔧,"Reparación de maquinaria y equipo en la colonia San José de la Unión, Martínez de la Torre.","Río Papaloapan s/n (entre Carr. Libramiento Martínez de la Torre a Tlapacoyan y Río Usumacinta), Col. San José de la Unión, 93603 Martínez de la Torre, Ver.",2321495153,,,,,20.07511405,-97.06135206,local,denue-2026-05,30102811312000181000000000U4,Reparación y mantenimiento de maquinaria y equipo industrial,0 a 5 personas,2019-11
Taller de Servicio Mecánico Automotriz Chávez,talleres,🔧 Talleres,🔧,Taller mecánico en el centro de Martínez de la Torre.,"Av. General Ignacio Zaragoza 526, Centro, 93600 Martínez de la Torre, Ver.",2321010509,,,,,20.06528317,-97.05227358,local,denue-2026-05,30102811111000991000000000U2,Reparación mecánica en general de automóviles y camiones,0 a 5 personas,2010-07
Taller de Soldadura los Morados,talleres,🔧 Talleres,🔧,"Reparación de maquinaria y equipo en la colonia Melchor Ocampo, Martínez de la Torre.","Blvd. Alfinio Flores Beltran 178, Col. Melchor Ocampo, 93603 Martínez de la Torre, Ver.",2323735638,,,,,20.06786417,-97.06120934,local,denue-2026-05,30102811312000021000000000U2,Reparación y mantenimiento de maquinaria y equipo industrial,0 a 5 personas,2010-07
Taller y Refacciones para Motos,talleres,🔧 Talleres,🔧,"Venta de motocicletas y refacciones en la colonia Vicente Guerrero, Martínez de la Torre.","Río Nautla 111, Col. Vicente Guerrero, 93603 Martínez de la Torre, Ver.",2351064634,,,,,20.07470397,-97.06269079,local,denue-2026-05,30102468311000121000000000U8,Comercio al por menor de motocicletas,0 a 5 personas,2025-04
Veca Llantas y Servicios,talleres,🔧 Talleres,🔧,"Llantera en la colonia Ejidal, Martínez de la Torre.","Blvd. Carlos Salinas de Gortari Rafael Martínez de la Torre s/n (entre Candido Aguilar y Lucio Blanco), Col. Ejidal, 93606 Martínez de la Torre, Ver.",1822123091,,,,https://www.becallantq.com,20.07288995,-97.04281195,local,denue-2026-05,30102468213000162000000000U0,"Comercio al por menor de llantas y cámaras para automóviles, camionetas y camiones",6 a 10 personas,2019-11
Vehiculos de Martínez,talleres,🔧 Talleres,🔧,"Refaccionaria en el fraccionamiento El Mirador, Martínez de la Torre.","Av. Manuel Ávila Camacho 100, Fracc. El Mirador, 93607 Martínez de la Torre, Ver.",2321984397,,,,,20.05963364,-97.06507576,local,denue-2026-05,30102468111000033011000000U9,"Comercio al por menor de partes y refacciones nuevas para automóviles, camionetas y camiones",11 a 30 personas,2010-07
Venta de Accesorios para Automóviles Mtz Accesorios,talleres,🔧 Talleres,🔧,"Refaccionaria en la colonia Guadalupe Victoria, Martínez de la Torre.","Blvd. Carlos Salinas de Gortari Rafael Martínez de la Torre s/n (entre Av. 5 de Febrero y Nogales), Col. Guadalupe Victoria, 93603 Martínez de la Torre, Ver.",2229091876,,,,,20.07068419,-97.04615545,local,denue-2026-05,30102468211001011000000000U2,"Comercio al por menor de partes y refacciones nuevas para automóviles, camionetas y camiones",0 a 5 personas,2024-11
Venta de Autopartes Fiscar,talleres,🔧 Talleres,🔧,Refaccionaria en el centro de Martínez de la Torre.,"Mariano Matamoros 202B, Centro, 93600 Martínez de la Torre, Ver.",2321474817,,,,,20.06263632,-97.05249067,local,denue-2026-05,30102468211000961000000000U9,"Comercio al por menor de partes y refacciones nuevas para automóviles, camionetas y camiones",0 a 5 personas,2024-11
Venta de Autopartes Usadas Toño,talleres,🔧 Talleres,🔧,"Venta de refacciones usadas en la colonia Ejidal, Martínez de la Torre.","Felipe Carrillo Puerto 501, Col. Ejidal, 93600 Martínez de la Torre, Ver.",2323245720,,,,,20.06988069,-97.04677208,local,denue-2026-05,30102468212000041000000000U8,"Comercio al por menor de partes y refacciones usadas para automóviles, camionetas y camiones",0 a 5 personas,2010-07
Venta de Bicicletas Bicitodo,talleres,🔧 Talleres,🔧,Venta de bicicletas en el centro de Martínez de la Torre.,"Miguel Hidalgo y Costilla 605, Centro, 93600 Martínez de la Torre, Ver.",2323226051,,,,,20.06458735,-97.05697041,local,denue-2026-05,30102465213000031001000000U0,Comercio al por menor de bicicletas,6 a 10 personas,2010-07
Venta de Cristales Automotrices Vitrocard,talleres,🔧 Talleres,🔧,"Reparación de carrocerías en la colonia Moctezuma, Martínez de la Torre.","Carr. Libramiento Martínez de la Torre Tlapacoyan s/n (entre 20 de Noviembre (chimalpopoca) y 16 de Septiembre), Col. Moctezuma, 93608 Martínez de la Torre, Ver.",2323175903,,,,https://vitroar.com.mx,20.07218091,-97.06676122,local,denue-2026-05,30102811129000041000000000U8,Instalación de cristales y otras reparaciones a la carrocería de automóviles y camiones,0 a 5 personas,2019-11
Venta de Llantas Llantera Rivas,talleres,🔧 Talleres,🔧,"Llantera en la colonia Dante Delgado Rannauro, Martínez de la Torre.","Blvd. Carlos Salinas de Gortari Rafael Martínez de la Torre s/n (entre Cipres y Los Pinos), Col. Dante Delgado Rannauro, 93604 Martínez de la Torre, Ver.",2321883520,,,,,20.07494397,-97.04024745,local,denue-2026-05,30102468213000191000000000U9,"Comercio al por menor de llantas y cámaras para automóviles, camionetas y camiones",0 a 5 personas,2019-11
Venta de Llantas Son Llantas,talleres,🔧 Talleres,🔧,"Llantera en la colonia Guadalupe Victoria, Martínez de la Torre.","Blvd. Carlos Salinas de Gortari Rafael Martínez de la Torre s/n (entre Av. 5 de Febrero y Nogales), Col. Guadalupe Victoria, 93603 Martínez de la Torre, Ver.",2323242336,,,,,20.07371791,-97.04193235,local,denue-2026-05,30102468213000063000000000U0,"Comercio al por menor de llantas y cámaras para automóviles, camionetas y camiones",11 a 30 personas,2010-07
Venta de Parabrisas y Accesorios Díaz,talleres,🔧 Talleres,🔧,"Refaccionaria en la colonia Vicente Guerrero, Martínez de la Torre.","Carr. Libramiento Martínez de la Torre Tlapacoyan s/n (entre Prol. Miguel Hidalgo y Costilla y Prol. Ignacio Allende), Col. Vicente Guerrero, 93603 Martínez de la Torre, Ver.",2283047723,,,,,20.07388285,-97.06279072,local,denue-2026-05,30102468211000141001000000U8,"Comercio al por menor de partes y refacciones nuevas para automóviles, camionetas y camiones",6 a 10 personas,2010-07
Vulcanizadora Aguilar,talleres,🔧 Talleres,🔧,"Vulcanizadora en la colonia Congreso de la Unión, Martínez de la Torre.","Calle a las Cañadas Martínez 804, Col. Congreso de la Unión, 93603 Martínez de la Torre, Ver.",2326901416,,,,,20.07980228,-97.06848566,local,denue-2026-05,30102811191000431000000000U1,Reparación menor de llantas,0 a 5 personas,2019-11
Vulcanizadora Charby,talleres,🔧 Talleres,🔧,"Vulcanizadora en la colonia San José de la Unión, Martínez de la Torre.","Río Papaloapan s/n (entre Carr. Libramiento Martínez de la Torre-tlapacoyan y Río Usumacinta), Col. San José de la Unión, 93603 Martínez de la Torre, Ver.",2321018824,,,,,20.07479993,-97.06132772,local,denue-2026-05,30102811191000181000000000U2,Reparación menor de llantas,0 a 5 personas,2010-07
Vulcanizadora Doble R,talleres,🔧 Talleres,🔧,"Vulcanizadora en la colonia Saltillo, Martínez de la Torre.","Carr. Federal Martínez San Rafael s/n (entre Durango y Coahuila), Col. Saltillo, 93605 Martínez de la Torre, Ver.",2323295719,,,,,20.08182876,-97.03035236,local,denue-2026-05,30102811191000341100000000U2,Reparación menor de llantas,0 a 5 personas,2014-12
Vulcanizadora San Manuel,talleres,🔧 Talleres,🔧,"Vulcanizadora en la colonia San Manuel, Martínez de la Torre.","Blvd. Carlos Salinas de Gortari Rafael Martínez de la Torre s/n (entre 22 de Noviembre y 20 de Noviembre), Col. San Manuel, 93604 Martínez de la Torre, Ver.",2321018174,,,,,20.07768359,-97.03641083,local,denue-2026-05,30102811191000041000000000U8,Reparación menor de llantas,0 a 5 personas,2010-07
Vulcanizadora los Patos,talleres,🔧 Talleres,🔧,Vulcanizadora en el centro de Martínez de la Torre.,"Av. Maximino Ávila Camacho 528, Centro, 93600 Martínez de la Torre, Ver.",2321561660,,,,,20.05964872,-97.05918059,local,denue-2026-05,30102811191000021000000000U0,Reparación menor de llantas,0 a 5 personas,2010-07
Accesorios para Celular Chilly Wily,tecnologia,💻 Tecnología,💻,Venta y reparación de celulares en el centro de Martínez de la Torre.,"Mariano Matamoros 300D, Centro, 93600 Martínez de la Torre, Ver.",2321975157,,,,,20.06324708,-97.05286206,local,denue-2026-05,30102466212000551000000000U8,Comercio al por menor de teléfonos y otros aparatos de comunicación,0 a 5 personas,2019-11
Celular B Hermanos,tecnologia,💻 Tecnología,💻,Venta y reparación de celulares en el centro de Martínez de la Torre.,"General Ignacio Zaragoza s/n (entre Miguel Hidalgo y Costilla y Ignacio Allende), Centro, 93600 Martínez de la Torre, Ver.",8717869833,,,,,20.06307495,-97.05654245,local,denue-2026-05,30102466212000902000000000U3,Comercio al por menor de teléfonos y otros aparatos de comunicación,6 a 10 personas,2026-04
Centro de Reparación Tecnicos Viper,tecnologia,💻 Tecnología,💻,Reparación de equipo electrónico en el centro de Martínez de la Torre.,"Vicente Guerrero 403, Centro, 93600 Martínez de la Torre, Ver.",2321982523,,,,,20.06382366,-97.05438526,local,denue-2026-05,30102811499000211110000000U4,Reparación y mantenimiento de otro equipo electrónico y de equipo de precisión,0 a 5 personas,2010-07
Ciber Café Yisai,tecnologia,💻 Tecnología,💻,Cibercafé en el centro de Martínez de la Torre.,"Miguel Hidalgo y Costilla 604, Centro, 93600 Martínez de la Torre, Ver.",2321449465,,,,,20.06433432,-97.05668997,local,denue-2026-05,30102561432000351000000000U1,Servicios de acceso a computadoras,0 a 5 personas,2010-07
Ciber Kiosko,tecnologia,💻 Tecnología,💻,"Cibercafé en la colonia Alfredo V Bonfil, Martínez de la Torre.","Blvd. Magistral s/n (entre Niños Héroes y Dante Delgado Rannauro), Col. Alfredo V Bonfil, 93608 Martínez de la Torre, Ver.",2321276175,,,,,20.07791077,-97.07006562,local,denue-2026-05,30102561432001421000000000U1,Servicios de acceso a computadoras,0 a 5 personas,2019-11
Compuservicios,tecnologia,💻 Tecnología,💻,Venta de computadoras y accesorios en el centro de Martínez de la Torre.,"Av. Melchor Ocampo 212D, Centro, 93600 Martínez de la Torre, Ver.",2321108886,,,,https://www.cstienda.com,20.06310943,-97.05443974,local,denue-2026-05,30102466211000102001000000U2,"Comercio al por menor de mobiliario, equipo y accesorios de cómputo",0 a 5 personas,2010-07
Macropay Martínez de la Torre Maximo,tecnologia,💻 Tecnología,💻,Venta y reparación de celulares en el centro de Martínez de la Torre.,"Av. Maximino Ávila Camacho 410, Centro, 93600 Martínez de la Torre, Ver.",9991338858,,,,,20.06326416,-97.05222467,local,denue-2026-05,30102466212000651001012863S6,Comercio al por menor de teléfonos y otros aparatos de comunicación,11 a 30 personas,2023-11
Mantenimiento de Laptops Lalo Lap,tecnologia,💻 Tecnología,💻,Reparación de equipo electrónico en el centro de Martínez de la Torre.,"Av. 5 de Febrero 101, Centro, 93600 Martínez de la Torre, Ver.",2322413727,,,,,20.06448075,-97.05758584,local,denue-2026-05,30102466211000131010000000U1,Reparación y mantenimiento de otro equipo electrónico y de equipo de precisión,0 a 5 personas,2019-11
Mantenimiento y Reparación de Equipo de Oficina Cortijo,tecnologia,💻 Tecnología,💻,Reparación de equipo electrónico en el centro de Martínez de la Torre.,"Av. General Ignacio Zaragoza 515A, Centro, 93600 Martínez de la Torre, Ver.",2323295418,,,,,20.06533937,-97.05238548,local,denue-2026-05,30102811219000031000000000U8,Reparación y mantenimiento de otro equipo electrónico y de equipo de precisión,0 a 5 personas,2010-07
Papelería Y2k Systemas,tecnologia,💻 Tecnología,💻,Venta de computadoras y accesorios en el centro de Martínez de la Torre.,"Ignacio Allende 212B, Centro, 93600 Martínez de la Torre, Ver.",2351053569,,,,,20.06078651,-97.05563353,local,denue-2026-05,30102466211000121000000000U2,"Comercio al por menor de mobiliario, equipo y accesorios de cómputo",0 a 5 personas,2019-11
Refacciones para Celular Loro,tecnologia,💻 Tecnología,💻,Venta y reparación de celulares en el centro de Martínez de la Torre.,"Vicente Guerrero 402, Centro, 93600 Martínez de la Torre, Ver.",2321060131,,,,,20.06358002,-97.05411383,local,denue-2026-05,30102466212000661000000000U5,Comercio al por menor de teléfonos y otros aparatos de comunicación,0 a 5 personas,2024-11
Renta de Computadoras Compuword,tecnologia,💻 Tecnología,💻,"Cibercafé en la colonia José López Portillo, Martínez de la Torre.","Blvd. Rafael Hernández Ochoa 233, Col. José López Portillo, 93600 Martínez de la Torre, Ver.",2321560394,,,,,20.06758075,-97.06279159,local,denue-2026-05,30102561432001411000000000U2,Servicios de acceso a computadoras,0 a 5 personas,2019-11
Reparación de Celulares Chagos Espadas,tecnologia,💻 Tecnología,💻,"Reparación de equipo electrónico en la colonia Alfredo V Bonfil, Martínez de la Torre.","Dante Delgado Rannauro 423, Col. Alfredo V Bonfil, 93608 Martínez de la Torre, Ver.",2321143032,,,,,20.07897515,-97.07058525,local,denue-2026-05,30102811219000351000000000U0,Reparación y mantenimiento de otro equipo electrónico y de equipo de precisión,0 a 5 personas,2024-11
Reparación de Equipos Electrónicos Lasertec,tecnologia,💻 Tecnología,💻,"Reparación de electrónicos en la colonia Unión, Martínez de la Torre.","Centenario del 5 de Mayo s/n (entre Nicolás Bravo y Guadalupe Victoria), Col. Unión, 93607 Martínez de la Torre, Ver.",2323793526,,,,,20.06422213,-97.05993796,local,denue-2026-05,30102811211000311000000000U1,Reparación y mantenimiento de equipo electrónico de uso doméstico,0 a 5 personas,2021-05
Servicio de Reparación de Celulares City Movil,tecnologia,💻 Tecnología,💻,"Venta y reparación de celulares en la colonia Melchor Ocampo, Martínez de la Torre.","Blvd. Alfinio Flores Beltrán s/n (entre Ramón Corona y General Leandro Valle), Col. Melchor Ocampo, 93603 Martínez de la Torre, Ver.",2321608309,,,,,20.07071416,-97.06297025,local,denue-2026-05,30102466212000871000000000U0,Comercio al por menor de teléfonos y otros aparatos de comunicación,0 a 5 personas,2025-04
Smartphone y Cotsco,tecnologia,💻 Tecnología,💻,Venta y reparación de celulares en el centro de Martínez de la Torre.,"Av. Pedro Belli 205, Centro, 93600 Martínez de la Torre, Ver.",2282661583,,,,,20.06034321,-97.05580299,local,denue-2026-05,30102466212000912000000000U2,Comercio al por menor de teléfonos y otros aparatos de comunicación,6 a 10 personas,2025-04
Stm Reparación y Mantenimiento de Electrónicos,tecnologia,💻 Tecnología,💻,Reparación de equipo electrónico en el centro de Martínez de la Torre.,"Av. Melchor Ocampo 315D, Centro, 93600 Martínez de la Torre, Ver.",2321643183,,,,,20.06375417,-97.05341627,local,denue-2026-05,30102811219000171000000000U2,Reparación y mantenimiento de otro equipo electrónico y de equipo de precisión,0 a 5 personas,2019-11
Taller de Electrónicos Servicio Planeta,tecnologia,💻 Tecnología,💻,"Reparación de electrónicos en la colonia Unión, Martínez de la Torre.","Av. 5 de Febrero 500A, Col. Unión, 93607 Martínez de la Torre, Ver.",2321250550,,,,,20.06307309,-97.06036291,local,denue-2026-05,30102811211000331000000000U9,Reparación y mantenimiento de equipo electrónico de uso doméstico,0 a 5 personas,2021-05
Taller de Reparación Telefonica el Repartidor,tecnologia,💻 Tecnología,💻,Reparación de equipo electrónico en el centro de Martínez de la Torre.,"Av. Melchor Ocampo 201B, Centro, 93600 Martínez de la Torre, Ver.",2321183610,,,,,20.06178346,-97.05689788,local,denue-2026-05,30102811219000371000000000U8,Reparación y mantenimiento de otro equipo electrónico y de equipo de precisión,0 a 5 personas,2024-11
Tienda de Accesorios para Celular,tecnologia,💻 Tecnología,💻,Venta y reparación de celulares en el centro de Martínez de la Torre.,"Miguel Hidalgo y Costilla 1, Rosendo Topete Ibañez local SN, Centro, 93600 Martínez de la Torre, Ver.",2321389446,,,,,20.06258027,-97.05574526,local,denue-2026-05,30102466212000741000000000U5,Comercio al por menor de teléfonos y otros aparatos de comunicación,0 a 5 personas,2024-11
Venta de Accesorios de Computo Compuservicios,tecnologia,💻 Tecnología,💻,Venta de computadoras y accesorios en el centro de Martínez de la Torre.,"José María Morelos y Pavon 109, Centro, 93600 Martínez de la Torre, Ver.",2321108886,,,,,20.06250747,-97.05464491,local,denue-2026-05,30102466211000151000000000U9,"Comercio al por menor de mobiliario, equipo y accesorios de cómputo",0 a 5 personas,2019-11
Venta de Celulares Comunicación Celular de Veracruz,tecnologia,💻 Tecnología,💻,Venta y reparación de celulares en el centro de Martínez de la Torre.,"Mariano Matamoros 402, Centro, 93600 Martínez de la Torre, Ver.",2323245488,,,,,20.06438778,-97.05355571,local,denue-2026-05,30102466212000283001000000U8,Comercio al por menor de teléfonos y otros aparatos de comunicación,0 a 5 personas,2010-07
Venta de Radios Comunicaciones Spb,tecnologia,💻 Tecnología,💻,"Venta y reparación de celulares en la colonia Melchor Ocampo, Martínez de la Torre.","Blvd. Alfinio Flores Beltran s/n (entre Calle del Cedro y Ramón Corona), Col. Melchor Ocampo, 93603 Martínez de la Torre, Ver.",2323244686,,,,,20.07128096,-97.06333087,local,denue-2026-05,30102466212000231000000000U7,Comercio al por menor de teléfonos y otros aparatos de comunicación,0 a 5 personas,2010-07
Autec Te Conecta,transporte,🚕 Transporte,🚕,Compra y venta de autos usados en el centro de Martínez de la Torre.,"Av. Pedro Belli s/n (entre Mariano Abasolo y Ignacio Allende), Centro, 93600 Martínez de la Torre, Ver.",2321250014,,,,,20.06043079,-97.05579885,local,denue-2026-05,30102468112000181000000000U4,Comercio al por menor de automóviles y camionetas usados,0 a 5 personas,2025-04
Bascula Digital Richars,transporte,🚕 Transporte,🚕,"Servicios para el transporte en la colonia Saltillo, Martínez de la Torre.","Adolfo López Mateos s/n, Col. Saltillo, 93605 Martínez de la Torre, Ver.",2321104022,,,,,20.07963805,-97.03131636,local,denue-2026-05,30102488493000021000000000U2,Servicios de báscula para el transporte y otros servicios relacionados con el transporte por carretera,0 a 5 personas,2010-07
Bascula Electrónica San Manuela,transporte,🚕 Transporte,🚕,"Servicios para el transporte en la colonia San Manuel, Martínez de la Torre.","Carr. Libramiento Martínez de la Torre Tlapacoyan s/n, Bascula San Manuel local SN, Col. San Manuel, 93604 Martínez de la Torre, Ver.",2323293084,,,,,20.08026905,-97.03434828,local,denue-2026-05,30102488493000122002000000U8,Servicios de báscula para el transporte y otros servicios relacionados con el transporte por carretera,6 a 10 personas,2010-07
Bascula Plaza Verde Jaime Alfredo Cortez Huesca,transporte,🚕 Transporte,🚕,"Servicios para el transporte en la colonia Jardines Plaza Verde, Martínez de la Torre.","Carr. Libramiento Martínez de la Torre Tlapacoyan s/n (entre Framboyanes y Las Palmas), Col. Jardines Plaza Verde, 93603 Martínez de la Torre, Ver.",2311067325,,,,,20.07556636,-97.05878307,local,denue-2026-05,30102488493000071000000000U7,Servicios de báscula para el transporte y otros servicios relacionados con el transporte por carretera,0 a 5 personas,2010-07
Bascula Privada Exports Colio,transporte,🚕 Transporte,🚕,"Servicios para el transporte en la colonia San Manuel, Martínez de la Torre.","20 de Noviembre s/n (entre Carr. Libramiento Martínez de la Torre-tlapacoyan y 5 de Mayo), Col. San Manuel, 93604 Martínez de la Torre, Ver.",2321133851,,,,,20.07918821,-97.03704066,local,denue-2026-05,30102488493000141000000000U8,Servicios de báscula para el transporte y otros servicios relacionados con el transporte por carretera,0 a 5 personas,2019-11
Bascula Pública Veracruz,transporte,🚕 Transporte,🚕,"Servicios para el transporte en la colonia San Manuel, Martínez de la Torre.","Unión s/n (entre 5 de Mayo y 20 de Noviembre), Col. San Manuel, 93604 Martínez de la Torre, Ver.",2321337353,,,,,20.07964198,-97.03713633,local,denue-2026-05,30102488493000051000000000U9,Servicios de báscula para el transporte y otros servicios relacionados con el transporte por carretera,0 a 5 personas,2010-07
Consignacion Venta de Autosi,transporte,🚕 Transporte,🚕,"Compra y venta de autos usados en la colonia Dante Delgado Rannauro, Martínez de la Torre.","Blvd. Carlos Salinas de Gortari Rafael Martínez de la Torre s/n (entre Cipres y Los Pinos), Col. Dante Delgado Rannauro, 93604 Martínez de la Torre, Ver.",2321396148,,,,,20.0750617,-97.04008602,local,denue-2026-05,30102468112000091000000000U5,Comercio al por menor de automóviles y camionetas usados,0 a 5 personas,2014-12
Consignaciones Guzman,transporte,🚕 Transporte,🚕,"Compra y venta de autos usados en la colonia Palo Blanco, Martínez de la Torre.","Carr. Federal Martínez San Rafael s/n, Col. Palo Blanco, 93600 Martínez de la Torre, Ver.",2323224338,,,,,20.08368688,-97.02794537,local,denue-2026-05,30102468112000171000000000U5,Comercio al por menor de automóviles y camionetas usados,0 a 5 personas,2024-11
Corralon,transporte,🚕 Transporte,🚕,"Servicio de transporte de pasajeros en la colonia Constitución, Martínez de la Torre.","Av. Manuel Ávila Camacho s/n (entre José María Fierro y Luis G. Franco), Col. Constitución, 93600 Martínez de la Torre, Ver.",2321358496,,,,,20.05919324,-97.06067667,local,denue-2026-05,30102811199000131000000000U0,Transporte colectivo urbano y suburbano de pasajeros en autobuses de ruta fija,0 a 5 personas,2019-11
Scm Operaciones,transporte,🚕 Transporte,🚕,Paquetería y mensajería en el centro de Martínez de la Torre.,"Av. General Ignacio Zaragoza 511, Centro, 93600 Martínez de la Torre, Ver.",2323734997,,,,,20.0653928,-97.05228822,local,denue-2026-05,30102492110000012000014026S5,Servicios de mensajería y paquetería foránea,6 a 10 personas,2014-12
Servicio Postal J&t Express,transporte,🚕 Transporte,🚕,"Paquetería y mensajería en la colonia Ejidal, Martínez de la Torre.","Adolfo López Mateos s/n (entre Articulo 27 y Plan de Ayala), Col. Ejidal, 93606 Martínez de la Torre, Ver.",2322216135,,,,,20.06833787,-97.04717936,local,denue-2026-05,30102491110000022000067865S5,Servicios de mensajería y paquetería foránea,6 a 10 personas,2024-11
Servicio de Bascula Bascula Saltillo,transporte,🚕 Transporte,🚕,"Servicios para el transporte en la colonia San Manuel, Martínez de la Torre.","Blvd. Carlos Salinas de Gortari Rafael Martínez de la Torre s/n (entre Esteban Baco y Sinaloa), Col. San Manuel, 93604 Martínez de la Torre, Ver.",2321102406,,,,,20.08042499,-97.03231589,local,denue-2026-05,30102488493000061000000000U8,Servicios de báscula para el transporte y otros servicios relacionados con el transporte por carretera,0 a 5 personas,2010-07
Transportes Don Carlos,transporte,🚕 Transporte,🚕,"Fletes y mudanzas en la colonia Jardines Plaza Verde, Martínez de la Torre.","Las Palmas 1, Col. Jardines Plaza Verde, 93600 Martínez de la Torre, Ver.",2321264285,,,,,20.0722876,-97.0581618,local,denue-2026-05,30102484129000013000000000U3,Otro autotransporte foráneo de carga general,11 a 30 personas,2010-07
Unión de Transportadores de Materiales para la Construcción,transporte,🚕 Transporte,🚕,"Fletes y mudanzas en la colonia Ejidal, Martínez de la Torre.","Blvd. Licenciado Manuel Mateos s/n (entre Ignacio Allende y Miguel Hidalgo y Costilla), Col. Ejidal, 93606 Martínez de la Torre, Ver.",2321258942,,,,,20.0696908,-97.06087009,local,denue-2026-05,30102484221000021100000000U1,Autotransporte local de materiales para la construcción,0 a 5 personas,2019-11
Venta de Autos Seminuevos de la Hoz,transporte,🚕 Transporte,🚕,"Compra y venta de autos usados en el fraccionamiento El Mirador, Martínez de la Torre.","Av. Manuel Ávila Camacho s/n (entre Av. Melchor Ocampo y Papaloapan), Fracc. El Mirador, 93607 Martínez de la Torre, Ver.",2323240701,,,,,20.05940644,-97.0632113,local,denue-2026-05,30102468112000121000000000U0,Comercio al por menor de automóviles y camionetas usados,0 a 5 personas,2010-07
Farmacia Verterinaria Super Veterinaria,veterinarias,🐾 Veterinarias y mascotas,🐾,Tienda de mascotas en el centro de Martínez de la Torre.,"Av. General Ignacio Zaragoza 211, Centro, 93600 Martínez de la Torre, Ver.",2323243066,,,,,20.06353796,-97.05552421,local,denue-2026-05,30102465911000061000000000U6,Comercio al por menor de mascotas,0 a 5 personas,2010-07
Tienda de Mascotas Acuario Nautilus,veterinarias,🐾 Veterinarias y mascotas,🐾,Tienda de mascotas en el centro de Martínez de la Torre.,"Av. Ignacio de la Llave 209, Centro, 93600 Martínez de la Torre, Ver.",2323248689,,,,https://www.grupoacuarionautiliuz.com.mx,20.06327347,-97.0578694,local,denue-2026-05,30102465911000051000000000U7,Comercio al por menor de mascotas,0 a 5 personas,2010-07
Venta de Alimentos para Mascotas Chocofiona,veterinarias,🐾 Veterinarias y mascotas,🐾,"Tienda de mascotas en la colonia Melchor Ocampo, Martínez de la Torre.","Blvd. Alfinio Flores Beltrán 1100D, Col. Melchor Ocampo, 93603 Martínez de la Torre, Ver.",2321453375,,,,,20.06884416,-97.0618111,local,denue-2026-05,30102465911000321000000000U4,Comercio al por menor de mascotas,0 a 5 personas,2025-04
Veterinaria Caniche,veterinarias,🐾 Veterinarias y mascotas,🐾,Veterinaria en el centro de Martínez de la Torre.,"Av. Pedro Belli 308, Centro, 93600 Martínez de la Torre, Ver.",2321007675,,,,,20.06205803,-97.05260435,local,denue-2026-05,30102541941000051100000000U2,Servicios veterinarios para mascotas prestados por el sector privado,0 a 5 personas,2010-07
Veterinaria Doctor Cuevas,veterinarias,🐾 Veterinarias y mascotas,🐾,"Tienda de mascotas en la colonia Cuauhtémoc, Martínez de la Torre.","Blvd. Alfinio Flores Beltran 905, Col. Cuauhtémoc, 93608 Martínez de la Torre, Ver.",2324399700,,,,,20.07151817,-97.06363836,local,denue-2026-05,30102434112000091000000000U6,Comercio al por menor de mascotas,0 a 5 personas,2010-07
Veterinaria Mascotitas,veterinarias,🐾 Veterinarias y mascotas,🐾,"Veterinaria en la colonia Melchor Ocampo, Martínez de la Torre.","Blvd. Alfinio Flores Beltran 1100A, Col. Melchor Ocampo, 93603 Martínez de la Torre, Ver.",2321436266,,,,,20.06864245,-97.06168856,local,denue-2026-05,30102541941000121000000000U3,Servicios veterinarios para mascotas prestados por el sector privado,0 a 5 personas,2024-11
Veterinaria Medipets,veterinarias,🐾 Veterinarias y mascotas,🐾,Veterinaria en el centro de Martínez de la Torre.,"Mariano Abasolo 400A, Centro, 93600 Martínez de la Torre, Ver.",2321131443,,,,,20.06177787,-97.05729108,local,denue-2026-05,30102541941000131000000000U2,Servicios veterinarios para mascotas prestados por el sector privado,0 a 5 personas,2024-11
Veterinaria Veterimart,veterinarias,🐾 Veterinarias y mascotas,🐾,"Veterinaria en la colonia José López Portillo, Martínez de la Torre.","Blvd. Rafael Hernández Ochoa 255, Col. José López Portillo, 93600 Martínez de la Torre, Ver.",2321359390,,,,,20.06811003,-97.06177392,local,denue-2026-05,30102541941000081000000000U9,Servicios veterinarios para mascotas prestados por el sector privado,0 a 5 personas,2019-11
Veterinaria Vida Pets,veterinarias,🐾 Veterinarias y mascotas,🐾,"Tienda de mascotas en la colonia Ejidal, Martínez de la Torre.","Adolfo López Mateos 44, Col. Ejidal, 93606 Martínez de la Torre, Ver.",2321475693,,,,,20.07065845,-97.04442336,local,denue-2026-05,30102465911000211000000000U7,Comercio al por menor de mascotas,0 a 5 personas,2024-11
Veterinaria el Rancho,veterinarias,🐾 Veterinarias y mascotas,🐾,Tienda de mascotas en el centro de Martínez de la Torre.,"Av. 5 de Febrero 305, Centro, 93600 Martínez de la Torre, Ver.",2321001746,,,,,20.06368838,-97.05902297,local,denue-2026-05,30102465911000161000000000U4,Comercio al por menor de mascotas,0 a 5 personas,2024-11
